founded_year,org_uuid,name_x,category_list,category_groups_list,total_funding_usd,ultimate_outlier_success_250_mil_raise,interim_success_100_mil_founded_year_2019_or_above,recent_success_25_mil_raise_founded_year_2022_or_above,investor_names,investor_uuids,name_y
2013,d9695ff5-9d4a-46c8-82c0-8abc9df011bd,GARDEN BAR,,,,0,0,0,Elevate Capital,f4ed7d4a-4872-84cd-c340-5ab748230eb3,GARDEN BAR
2013,94a689ca-5adf-46d2-929f-dfa3a1a26dfb,GYFTS,,,722000.0,0,0,0,BFS Partners Inc.,9e060c8d-4d29-480b-b77d-4af708992f5a,GYFTS
2013,54f3eb38-b40c-9227-64c0-cb7f1822720f,Dalia,,,8500000.0,0,0,0,"IBB Ventures, Saarbruecker 21, Wellington Partners, WestTech Ventures","ebbe2742-6293-a0f8-633c-73c5b555422c, 7023de9f-0cc4-0741-551b-5c6e134c0c3a, 01a1fa1f-c36c-91c2-3572-1b8c51796a7b, f5f8bbe4-e2a6-9f42-9c30-868859b02a5a",Dalia
2013,93750adf-84d5-c471-9886-37da157e0f14,Maka Brew,,,,0,0,0,Starve Ups,08a35501-574b-8494-c116-00049b374af7,Maka Brew
2013,776603d3-45b5-4766-a240-d1f8d06fcefb,California Cannabis Industry Association (CCIA),,,,0,0,0,Big Rock,85ef648f-e8f1-d472-9e52-f7be20419065,California Cannabis Industry Association (CCIA)
2013,f0888bcb-2292-4bec-a913-9154cc632052,Hifi Finance,,,120500.0,0,0,0,Techstars,3718597a-dd39-6661-3630-09cdd43bcac2,Hifi Finance
2013,72182610-09e9-d955-405f-01d1be4ff9ac,UNIFi Software,,,49000000.0,0,0,0,"Canaan Partners, Omaha Capital","26bcf130-4aa8-a3b3-3571-1b8f13143370, 38bf5998-f14f-0550-2388-fbbc0ad5e299",UNIFi Software
2013,afffcbdc-2bc8-4f28-b130-e22a4094862c,Solutions Journalism Network,,,,0,0,0,The Draper Richards Kaplan Foundation,7e813b29-fdc1-068d-efd2-cd53da320be6,Solutions Journalism Network
2013,749e3536-fe57-43dd-be6f-cdbaaf38745a,The Human Development Company,,,,0,0,0,Slow Ventures,ec7c19d9-e059-98a7-417a-66761eab14b0,The Human Development Company
2013,1bb56cc8-032a-b1cd-b0ea-5e8cef76f34a,Light Dance,,,,0,0,0,Starve Ups,08a35501-574b-8494-c116-00049b374af7,Light Dance
2013,565e7307-f4da-560c-6ca3-a789dbee7913,Morsel Labs,,,,0,0,0,Amicus Capital,a6cac8b9-7532-ae90-21ae-98ec5e229efd,Morsel Labs
2013,34f6072e-3514-4bd6-badc-3ca4ba0a2f16,Swizzler,,,,0,0,0,Union Kitchen,34f24c65-83ad-4910-9d13-207eadef3ec5,Swizzler
2013,0942d940-0e29-4a63-1bf0-11775486b665,Manage My Co-op,,,,0,0,0,Starve Ups,08a35501-574b-8494-c116-00049b374af7,Manage My Co-op
2014,4546a850-54bc-7f5a-ca6a-794fbfbf5c1c,TiQlr,,,,0,0,0,Starve Ups,08a35501-574b-8494-c116-00049b374af7,TiQlr
2014,d527a946-4c59-4b9d-abc5-93d19eda5828,Wayward Gaming,,,,0,0,0,Madworks Seed Accelerator,3c970d75-94b7-f851-99b3-d4abd1d78b99,Wayward Gaming
2014,49e5db9b-d9ba-f01f-0011-1eeaecfe0c4a,Band of Vintners,,,,0,0,0,Grape Arbor VC,ffc52aea-1d0e-5ce4-f098-e3dfa07d731f,Band of Vintners
2014,8096f0df-de2a-983f-a4a7-7208f643616c,Ovastasis,,,,0,0,0,Virginia Venture Partners,cc715e03-32af-2ca1-6b05-f9e7b12f8720,Ovastasis
2014,effaa5a6-283e-450c-8b88-b2419e5ee10d,Nuclease Probe Technologies,,,500000.0,0,0,0,Breakout Labs,8b5724e6-e118-ab86-cf95-99b3fed57385,Nuclease Probe Technologies
2014,05f2fee0-6b59-f433-5ca7-d44baedaa93d,Flex Productions,,,4000000.0,0,0,0,"Cyan Banister, Ellen Pao, Y Combinator","67ae31b5-9f5e-6ea2-1fbb-ba34b6c7f5de, 6d0dfed7-4548-998e-8f42-b1f54ce1d12d, 73633ee4-ea65-2967-6c5d-9b5fec7d2d5e",Flex Productions
2014,258a5c5c-6dfd-5843-058b-f5b3e6167bc5,Kickback,,,,0,0,0,"CAA Ventures, Christine Yaged, FundersClub, Great Oaks Venture Capital, Ludlow Ventures, Mark Pincus, QueensBridge Venture Partners, SV Angel, Soma Capital, Transmedia Capital, Y Combinator","4c4c8fca-f061-8f5d-04ef-ef12dc0d4853, b20bf131-6157-41fd-b88e-ea52960a90fc, 473c465f-28d4-2568-c632-b2d5dd77c541, 8c2904bd-f9a1-0f41-87db-16fae614ad2d, ae6e4fc3-394e-901c-573c-0ddce81c0a0f, 0159561f-be5d-81eb-7ccd-b4d6efeb30fc, 41bc890f-d559-0423-2da8-9eb869e5b65c, 902deab4-ec41-68ce-d9df-c0c959578176, 38e872c6-1718-50e1-6150-a12038568992, 1c31be1a-443a-a99b-81ec-c03e4b252e9a, 73633ee4-ea65-2967-6c5d-9b5fec7d2d5e",Kickback
2014,1c19b41a-39cd-4a04-b7c6-63183f9c71e1,WaffleCat,,,,0,0,0,Frank Waffledog,265267dc-b2b3-401d-9755-d4268039e47e,WaffleCat
2014,4814edeb-5c03-4440-9cd4-776a8612821b,VOLT Worldwide Inc.,,,25000.0,0,0,0,Affaque Ahmed,edce6745-f75e-6df2-58bb-c1dd6db0d94e,VOLT Worldwide Inc.
2014,87089038-5a37-c857-28db-44620214882b,Zero Transform,,,,0,0,0,"Cascade Seed Fund, FoundersPad","80c99939-13b1-d7d8-bb8f-47384d7af310, da456417-659e-13fc-1f09-ad6ccadc9f33",Zero Transform
2014,71900e56-7a7c-426a-93e7-fb8b0e53dd77,Gather,,,,0,0,0,TinySeed,2ffb1c6b-f579-465c-be60-2265212e4395,Gather
2014,63eeba3a-6eb1-4bd2-a598-483c17908bba,Fort Awesome,,,,0,0,0,"Experiment Fund, Xfund","eb16a555-7ea2-4f97-be54-991ef784ec07, 8c32d322-2173-aa92-c6ff-2180d903632d",Fort Awesome
2014,39249615-63e9-4036-9483-3ef1ffc462e8,NeuroEM,,,,0,0,0,New York Angels,fcd0c596-99b3-f0ea-588e-cdbb3c82cb88,NeuroEM
2014,448617ca-9621-aa61-ef02-38dd4555be29,Fatherly,,,6000000.0,0,0,0,"BDMI, Bertelsmann India Investments, Crosslink Capital, Gary Vaynerchuk, Great Oaks Venture Capital, Kevin Moore, Knight Enterprise Fund, Lerer Hippeau, Matthew Luckett, SoftTech, UTA Ventures, Uncork Capital, Unpopular Ventures, WPP Ventures","ad9db9e9-9c2e-86a8-2b5c-deea1011fdd5, 7b3cc76e-1070-537c-3089-d7a60a75b46a, 796e4250-e66a-1c7b-6ccf-5a4fbd3b1936, 36463a2c-6cfe-d3ad-cdb2-60e4b8e80d6b, 8c2904bd-f9a1-0f41-87db-16fae614ad2d, a3fec26e-0496-dbfa-38d0-188fe7f9d718, e1f754f9-b83c-0756-783b-8ce073791e4b, ebef92fa-c852-dd62-1027-9ac044521e35, 3c465a84-4561-8d90-f9e0-4a56661db086, 99f5e934-6eb8-427a-b9ab-4bdabbdcfa13, 8930a5dc-c50d-2ab7-1a7a-3fcb7ff1825f, b4bbe64e-c694-c762-66cb-1d4141c68093, 9efeeff3-b7c7-4947-9c14-b2ab86591bf6, 53cfbb72-c98c-ccbb-1693-a93d6c427f18",Fatherly
2014,7780abac-024c-448f-b007-7ee230f65d78,AeroWall,,,200000.0,0,0,0,Brian Shore,c803a846-40b6-4000-a780-2c504a73e058,AeroWall
2015,ddbcdc43-02b5-a332-e1cf-c77c4b199716,Nextgen Growth Partners,,,,0,0,0,Rex Burgdorfer,68e4f205-8449-42ee-b345-fa56a0b72cbc,Nextgen Growth Partners
2015,f1fb12d5-0336-4784-80bd-75f545ce1d5c,GoFan,,,,0,0,0,BIP Ventures,90a5af81-c63d-4c69-8c85-f5bbd9d513f6,GoFan
2015,7f5a0d99-36da-476c-9dae-36457d5fc225,ChillHound,,,500000.0,0,0,0,Legendary Ventures,05c04104-113f-4142-81c2-15cf9de99ddf,ChillHound
2015,ae6a9310-6e37-4276-afdc-2104af6a814e,Impact Foundation,,,,0,0,0,Praxis,8a168b8f-82a9-6952-e76e-fc8dc4636de5,Impact Foundation
2015,8fcc0341-7694-413c-8b6c-2b8576e60c4b,Service Never Sleeps,,,,0,0,0,Praxis,8a168b8f-82a9-6952-e76e-fc8dc4636de5,Service Never Sleeps
2015,d10b08d1-79ae-41bc-baf4-075002da60ea,Stigma,,,,0,0,0,Tumml,521e8dcf-967d-e065-7058-ad294f14496f,Stigma
2015,1e07026e-af29-c746-db5c-c8ae25aa6e0b,WhereNext,,,,0,0,0,Starve Ups,08a35501-574b-8494-c116-00049b374af7,WhereNext
2015,b2d64121-3b63-4ee3-8043-528bc63a1610,Arta,,,,0,0,0,Nicholas Chirls,48bc1d4f-fc4c-15f2-3ba9-3c50a12d5b5b,Arta
2015,e72c1f1b-8202-45bf-bb8e-d451c100294b,Pelitex,,,25000.0,0,0,0,Breakout Labs,8b5724e6-e118-ab86-cf95-99b3fed57385,Pelitex
2015,92d430b4-0d34-47ed-beed-ceba10fe6ee7,Dead Bird Brewing Co,,,,0,0,0,Madworks Seed Accelerator,3c970d75-94b7-f851-99b3-d4abd1d78b99,Dead Bird Brewing Co
2015,3aceafd3-ac4b-418b-a300-4a3cd46fd60a,Tay May To Mo,,,,0,0,0,VSV Capital - Vietnam Silicon Valley,bb558a26-bb39-7773-6f84-b2a9d850fe9e,Tay May To Mo
2015,071e1afc-5dcd-43e2-a3c8-4e6b7ecd314f,"Turazo, Connect Better",,,,0,0,0,Swing Ventures,aa9bb708-a9ce-4b9c-9ff4-88212221acc9,"Turazo, Connect Better"
2015,b23d6101-0fdc-b234-6cf7-91ef4556f358,Hatch Marketing Plans,,,20000.0,0,0,0,MergeLane,421cca93-e662-60c5-2f80-860a739c4d82,Hatch Marketing Plans
2015,c21eaff2-7d88-4dd0-a24c-da5365cc5ac9,Crelia Capital,,,1500000.0,0,0,0,AXG Capital,36c39afc-952d-4e57-966c-8d87e7402bc5,Crelia Capital
2015,a53fb577-8dbf-4f68-92ad-faef34b4fdb5,Kalm Clothing,,,,0,0,0,32 Ventures,ebed215f-a7ba-4019-aa21-ad34f4a77cc9,Kalm Clothing
2015,3eeeed34-517e-483c-b41f-3cb48bb275c2,Open Collective,,,,0,0,0,Nicholas Chirls,48bc1d4f-fc4c-15f2-3ba9-3c50a12d5b5b,Open Collective
2015,7a36292b-8095-4468-b348-949b396db352,Cence Power,,,,0,0,0,Plug and Play,93c87ab7-7cee-5c54-9941-104693dbbdba,Cence Power
2015,f0399ebf-7718-4b55-8f7c-d09f6daa2b02,Retrievr,,,,0,0,0,City Light Capital,532e38f3-2c90-11c1-1d82-3c75e64c893c,Retrievr
2015,af778eab-b411-3ccc-d863-ef4eed20773f,Edge Edtech Fund,,,,0,0,0,Redwood Technology Ventures,c391f77c-679e-1075-314f-b35adeff11a1,Edge Edtech Fund
2015,f13df99d-e549-4a9d-896c-176535049d7f,Swet Tailor,,,2330000.0,0,0,0,"Amnon Rodan, Burch Creative Capital, Katie Rodan, Mark Sanchez, National Football League","3547cbfa-1a22-4361-be78-2213230c74eb, 8450c124-8196-8de9-3ed9-70498449ae9a, 0ef71ff9-121c-4222-ad5f-2478cd3090cc, a3e85550-a21c-481a-b8fc-2d94b222040f, a907e8a9-3d6c-18cd-5da7-17be3adeaadd",Swet Tailor
2015,4427381c-508a-4990-9b6c-2fea6477cd6c,Programming Corporation of America (PCA),,,100000.0,0,0,0,Green Lion Partners,70ec9f4a-9f33-83be-c9c8-6bacabb5ee82,Programming Corporation of America (PCA)
2015,2c14ad25-e449-4285-968c-f7e1d1beda1a,Lord of the Pies,,,,0,0,0,Union Kitchen,34f24c65-83ad-4910-9d13-207eadef3ec5,Lord of the Pies
2015,38f33d73-5986-5832-3ab6-4fb4db350ae9,Etch,,,,0,0,0,Alchemist Accelerator,e96105f1-25d2-af8d-7ecb-3da5e2d8aef7,Etch
2015,87afa4dc-c88a-f230-4543-5af078e2cc51,Relato,,,,0,0,0,Alchemist Accelerator,e96105f1-25d2-af8d-7ecb-3da5e2d8aef7,Relato
2015,db4d6765-f977-8944-13a1-a52ae1969221,OC Capital,,,45183.0,0,0,0,"Ignite Accelerator, Seedrs","344be4a5-b6ec-9734-c536-99bbda81222b, 330224c5-91fd-7648-cfad-91d2d321f905",OC Capital
2015,c6bb9551-0dc8-4de3-8470-39e30f2d532a,Astro,,,3120000.0,0,0,0,"Crosslink Capital, Lerer Hippeau, Maiden Lane Ventures, R/GA Accelerator, Rugged Ventures, Techstars, Winklevoss Capital, Zelkova Ventures","796e4250-e66a-1c7b-6ccf-5a4fbd3b1936, ebef92fa-c852-dd62-1027-9ac044521e35, 067f6406-c64a-ddc0-5d68-25b9ea303fa9, 545ac7f0-e901-45ed-1148-c60dce4fb571, b1220fef-b074-4177-3a7b-0a442503e80b, 3718597a-dd39-6661-3630-09cdd43bcac2, aa316bb5-57a1-0492-f8c0-5043ef8931a3, 2e21ac6d-506d-b044-f7d9-f8d05e4f7ac3",Astro
2015,c71f5cc4-cf5a-4c0c-8fb9-22173b1b4555,Tapsahre.io,,,100000.0,0,0,0,Oasis500,91e12e72-9e08-d773-87f4-2f8d9030dafb,Tapsahre.io
2015,fdf484d9-b8ca-40c2-b24e-71bb571d1ee8,Homeroom,,,3500000.0,0,0,0,"Deborah Quazzo, Duro Ventures, Felicis, Forerunner, Jared Simon, Kapor Capital, Precursor Ventures, Tyler Bosmeny","bc9628bd-53a4-727c-9c86-83b224ea0ec2, 900bd3ef-f141-4777-a298-e461a241a9a0, 735a53c6-a7ba-2434-d97d-b788536da89d, 893f5705-ef9d-c69d-7fe9-54e5104f96fd, 3c887c74-4057-90d4-192d-f09701e04937, b2d81696-c87c-1b71-4e00-fe3ba73e68b8, dec4c206-028d-495e-d26d-33f942debd60, 124c098e-fc57-ecd2-7a51-69fa4b9090b0",Homeroom
2016,f30cbbcd-4294-4c3c-81ed-5f0e4da50276,Jungle Bee,,,,0,0,0,Calm Company Fund,57ebab33-1542-4586-b995-ee19d4c90dda,Jungle Bee
2016,474531a0-ffc3-4a5d-bfa7-900d0b536f5c,NanoCheQ,,,,0,0,0,Pioneer Fund,9d11d829-645f-4ebe-bbd1-e84d1a0ddaf0,NanoCheQ
2016,913588ad-0a96-43c0-b509-ad440b3a2fba,Torch,,,,0,0,0,Higher Ground Labs,55034cb2-0093-d27a-998b-8892bbdc7f7f,Torch
2016,c15897d9-1210-4ec8-8943-f6620ebd81c2,Archifiction Inc,,,,0,0,0,Tisiwi Ventures,e1ddf05f-586b-4e2e-afa8-380b3c150fbd,Archifiction Inc
2016,a99e009d-3740-45b1-83fb-8a6567a78a73,Los Angeles SuperStars,,,126616.0,0,0,0,StartEngine,0f3fd8ce-9fe3-d6bd-d243-ffdf2fcfb012,Los Angeles SuperStars
2016,79fd47d1-77f7-274e-9b04-74d08f47a38e,DFS Lab,,,,0,0,0,Ground Squirrel Ventures,d1ae8c46-35c0-4cfc-9720-01874226ed9c,DFS Lab
2016,30185474-f733-8b45-34df-74485da8d0a0,Duo AI,,,,0,0,0,LaunchCapital,15a6d96e-5cbb-c1ba-d138-234d85a31b83,Duo AI
2016,0a2d289f-77d5-e8bc-f7ba-f2c63e8007ac,UsePencil,,,,0,0,0,Plug and Play,93c87ab7-7cee-5c54-9941-104693dbbdba,UsePencil
2016,b1f41b75-ccf5-4ed5-9c72-3f2988c051ea,Pact Insurance,,,,0,0,0,"Greenlight Reinsurance, Ground Up Ventures","bfccd852-73e0-a102-48b9-c93e8f9f57a2, 4d8dd9ee-5178-402f-9142-05716cfc4bd1",Pact Insurance
2016,b9d9810d-4498-4463-8899-d041d8af688b,Move38,,,,0,0,0,Exponential Creativity Ventures,dc9fa741-547f-4db2-9a40-56088e0572ea,Move38
2016,ec386b09-7fc0-dea4-0414-63c258f75e02,Route 21,,,20934.0,0,0,0,Bethnal Green Ventures,2925a807-5ec2-75ee-7a46-d70a345cab09,Route 21
2016,dc38eefa-345b-41f8-a814-4989dd44559e,SportsID,,,,0,0,0,"Boomtown Accelerators, Right Side Capital Management","14cc2cfc-8b47-8c9b-c02a-48c5bccd534c, 3bfb69a8-61b6-ec30-1512-73bd1ca35bc5",SportsID
2016,ce395e00-bd8b-495f-8ca1-f3865bf498de,The BikeMobile,,,,0,0,0,Madworks Seed Accelerator,3c970d75-94b7-f851-99b3-d4abd1d78b99,The BikeMobile
2016,cc0efa57-1e9e-4739-bb57-4ae75e4e1545,UpLink,,,10100000.0,0,0,0,"NxGen.xyz, Outlier Ventures","dd2f5008-f9ad-4965-ba08-4301f993a30a, 9386e62e-e1e1-be03-492a-0e3660e66120",UpLink
2016,149f1cba-5eeb-4158-b167-830368e70000,The Meat Empire,,,,0,0,0,Union Kitchen,34f24c65-83ad-4910-9d13-207eadef3ec5,The Meat Empire
2016,b2ca2a53-dff4-427e-a222-4d9d3c9c61fa,Kopess Ag Tech,,,,0,0,0,Red Cedar Ventures,0db76b4e-f6f1-4a50-5e4b-503a97ca3d83,Kopess Ag Tech
2016,b13183b1-e142-4931-b2bc-b513844175bb,AIM Artificially Intelligent Machineshop,,,,0,0,0,Red Cedar Ventures,0db76b4e-f6f1-4a50-5e4b-503a97ca3d83,AIM Artificially Intelligent Machineshop
2016,05eeb5a3-1e8e-9263-d7a5-d7cafdba7717,Hubble,,,,0,0,0,Topspin Partners,cb91b51a-7d7e-c78e-7086-4ff9ea561ec7,Hubble
2016,0f3d9d34-b0a7-42cc-ba6c-36e990be6b64,GearEye,,,,0,0,0,Ariel Yaar,ca53a218-929e-6adb-18e0-88cdfb5f4bab,GearEye
2016,e71211e5-48de-7232-3b57-f180553dc98b,Weston Swinger Media Holdings Inc.,,,600000.0,0,0,0,"Michael Swinger, Rodrick Weston","56bbc07f-2301-ecec-3e16-446a1b097e7e, 4d62e8a4-44b3-dccf-8073-bac89c487705",Weston Swinger Media Holdings Inc.
2016,ba39b417-3f99-46c3-a78d-35471c028a16,internX,,,500000.0,0,0,0,Innovatemap Ventures,3580a49d-3e4c-4023-97c7-6933df0ceb37,internX
2016,f5a19d34-3ba7-7115-134c-b678662ceb27,Tigli,,,,0,0,0,Tech Wildcatters,8fe7ec7c-cf6e-1b4a-57b3-54cd58141fef,Tigli
2016,0d4a7dcf-a11c-49b2-994d-493a72f9e03f,Workforce Athletics,,,,0,0,0,KB Partners,46756ac7-d188-8033-3e06-cd2c66c24ce5,Workforce Athletics
2016,907af1e1-9915-4877-b969-2bff29e5e3b9,ClearPath ADM,,,,0,0,0,ClearVision Equity,b3932e1e-e510-c07c-2a86-c9203f9094eb,ClearPath ADM
2016,0cf9e349-7493-4ffd-819e-2ce0acc0263b,Genuine Roots,,,,0,0,0,Union Kitchen,34f24c65-83ad-4910-9d13-207eadef3ec5,Genuine Roots
2016,e6554f27-fdd4-0d81-3a06-bfa324773903,Alpha,,,,0,0,0,"Quiet Capital, Reshape","77a62165-8649-470a-b92e-e1c40ca8c44f, e3fece5c-a84a-5c69-5af1-9548d47c7954",Alpha
2016,fda03342-a3a9-480e-8479-5a558b0bd22b,Whiz Bang,,,250000.0,0,0,0,Roberto Cardenas,3794a52b-ecf3-4940-994e-3cde6d1268e3,Whiz Bang
2016,e4017097-45a4-4d5b-8572-3d1cb1647e5c,Code2College,,,300000.0,0,0,0,The Draper Richards Kaplan Foundation,7e813b29-fdc1-068d-efd2-cd53da320be6,Code2College
2016,04677d71-815c-4786-94ca-25627fdea9a9,Dgraph Labs,,,20450000.0,0,0,0,"Abstract Ventures, Airtree Ventures, Bain Capital Ventures, Blackbird Ventures, Chris Riccomini, DJ Patil, Ganesh Srinivasan, Hack VC, JP Patil, Liquid 2 Ventures, Mark Cummins, Michael Callahan, Mike Cannon-Brookes, Ry Walker, SaxeCap, Uncorrelated Ventures, Venrock","8426c4a7-1fff-c3d8-9af4-e673a788212d, 9dc7095b-5b40-a72c-5755-66ec6a49877b, 17766aa6-2da1-c1eb-d14d-2277ae1f34c7, c0b94b29-0759-f524-4bdd-547958ca2617, a9e90d36-fbe8-4b1f-b145-a58ead3b2037, f3cf9cca-5415-a8d2-2f60-aaf99189d007, de580a0e-0c4d-48f0-87dd-a0b46fa00c6d, 9183d3fb-c801-bc11-1594-04850e47cf60, e01f89fb-9f4d-47d3-82ca-2e6cfc969f2d, 5ce64378-cb2d-266f-5719-0cd08e9a0063, bbabc14b-e7e7-3152-ac4e-c0872ab79af4, 95759d32-49c3-d394-9551-c1d7039f6d2a, 46d201a1-d4b0-09ab-c0a2-cad5433245be, 2f47b12c-aead-eab8-b20f-c4f055edca55, 716bf2d9-bc79-4fdc-8103-33d622b18310, 63d91330-9dee-4ad7-9766-0898e638670a, ed24f9ce-2313-cb8c-8ff2-9de6899ea992",Dgraph Labs
2017,f6c24dfb-3382-49de-b34c-2389959398e2,1336 Studios,,,,0,0,0,Prosper Nwankpa,e2c18d78-6062-b08d-c5c0-388dc6f7cd40,1336 Studios
2017,43e895be-7a00-4ea2-85d0-768333a778c6,Mode Mobile,,,,0,0,0,Farhad Farhadi,97ba4aa1-4cb4-43ce-918f-3ea55acb69f0,Mode Mobile
2017,5905fe82-049f-4f90-96a8-968cba428173,Hypernet,,,10000000.0,0,0,0,"500 Global, South Park Commons","56e40f50-97c7-2a77-255d-1d97d5f30646, 36409f11-4a22-2564-2708-5834206cf98c",Hypernet
2017,413404ab-aa05-f095-e904-fa884fce21c7,Valt,,,,0,0,0,"Chuck Feerick, Diego Gomes, Grant Newlin, Lever, New Stack Ventures, River Valley Investors","b6907e44-f9da-56d9-e2f6-353d697bb1a1, 3f9f07ad-41f9-ead3-187b-2173dab39139, ad4a3d24-7601-415a-81b2-2619bd60c73a, 9c829dcb-97a2-4340-a9a5-e469efc9c6d2, b32c64db-064f-3873-7dee-ef141808d3cf, 6a281072-c0b0-fbc0-946d-de56708b0dd5",Valt
2017,806fc485-298a-4448-86da-4690a50585b2,Brainiac Kids,,,,0,0,0,"Lerer Hippeau, Lux Capital, Montage Ventures","ebef92fa-c852-dd62-1027-9ac044521e35, c40189cd-74f7-6f4a-884b-e8d2e2862d86, b182b166-1ffc-387f-959b-5d222262b315",Brainiac Kids
2017,d63debfd-a6a8-4107-841e-c65a087feae9,ProHabits,,,1135000.0,0,0,0,"Motivate Venture Capital, William Banks","1aa29e0f-d57e-417f-b7df-0b0ca4dfaf6f, 5223e99d-9123-316b-d722-7591b455559e",ProHabits
2017,3ffb7270-c237-4e6a-8a1a-c4a302c7a92e,IntLab,,,,0,0,0,1337 Ventures,33d6204e-98f1-8a69-91c0-2edad0259627,IntLab
2017,a9a13b4a-6122-4cf6-a257-98dfbb3b2af5,WeSolve,,,,0,0,0,Loyal VC,2aa9260b-57e9-4b14-b6b3-ef1e776b9a93,WeSolve
2017,79d95970-2f9d-402f-9e51-ea96587fcd0b,Awayco,,,,0,0,0,"Blue Collective, Liquid 2 Ventures","20c21955-325e-6692-09b6-313311b63788, 5ce64378-cb2d-266f-5719-0cd08e9a0063",Awayco
2017,badb6da5-63de-45a0-b47f-d58f8d0738fc,Verifi Water,,,,0,0,0,25madison,9d7e5b0e-2dfd-4bd2-ba8f-eb513b06a5af,Verifi Water
2017,495c1690-edc4-4f13-a1e9-e527d66af557,Jewels Of The Forest,,,,0,0,0,FoodFutureCo,5c8a87e8-78c9-fa3f-5a42-bfc790b0f8c0,Jewels Of The Forest
2017,049f9d52-4cf7-489f-b168-2f3037b75d54,FarmOp Capital,,,,0,0,0,Better Food Ventures,b9e8b48a-a140-47a2-944f-c6a5a723ce8b,FarmOp Capital
2017,ff5316a9-116c-499e-be0c-45557356f0f1,Tortilladora,,,,0,0,0,Union Kitchen,34f24c65-83ad-4910-9d13-207eadef3ec5,Tortilladora
2017,1243c1de-7a57-afd0-852a-56713fb5645e,Superbloom Capital,,,,0,0,0,JaMes Sowers,9ab96318-bdda-0378-e188-707f0960cbb3,Superbloom Capital
2017,360d2820-965f-436c-be50-cff17831facf,Hexa Tiger,,,100000.0,0,0,0,Michael Peres,a531a2a2-e45e-4c9c-ae54-d5f34e8e3d09,Hexa Tiger
2017,655dffe5-0c1b-4d39-9c13-6f36192d0f1f,Tubus.io,,,130000.0,0,0,0,Starta VC,f384c08f-245b-77a4-4d28-a1baa0de46cd,Tubus.io
2017,462dadf9-41fc-42d9-b891-3b252aa85c47,Robotik Innovations,,,4000000.0,0,0,0,"Morpheus Ventures, Valley Capital Partners","3c14b5cd-2d05-6ffd-e280-5a333db09190, e708aa82-3525-4d79-8bf3-3554630529d9",Robotik Innovations
2017,90cb0b67-7fc4-4ec6-bef8-0bedc0ec0128,QPM INSIGHTS,,,2500000.0,0,0,0,Patrick Marshall,ea1e2f02-36a8-4a99-a432-9ccc76681188,QPM INSIGHTS
2017,6173b26f-91c5-4e08-9e4b-63f6a4e12c5a,Movement Labs,,,,0,0,0,New Media Ventures,7702e922-62aa-d168-e5e5-bfb94556ca76,Movement Labs
2017,8dcfce12-963c-42c7-b4d9-136da4221233,Tahini Genie,,,,0,0,0,Union Kitchen,34f24c65-83ad-4910-9d13-207eadef3ec5,Tahini Genie
2017,61988b4b-764c-45e5-b18f-65c38a2c7593,Steward,,,,0,0,0,"Dan Rumennik, XFactor Ventures","98007aaf-3e78-4c87-babd-b9a8d3324d59, d42d22d2-d1a5-fc74-0e46-dc4184ccc0d3",Steward
2017,83e8ea68-d390-42b4-af58-e84b990a4b7f,Fora Foods,,,,0,0,0,Blue Horizon Corporation,de314491-7b09-4851-ae68-4cd617cce830,Fora Foods
2017,c3f807c7-1f15-4dd9-b6d4-53e782f476c5,EpinLabs,,,,0,0,0,Sky7 Ventures,16ab9392-bbd5-416e-9924-cb9416e93f76,EpinLabs
2017,12eee3c9-60da-4936-b52b-1562af558220,AHE,,,100000.0,0,0,0,Eyoel Kebede,ef71d295-22b4-4f1c-80a3-d6106c7a4319,AHE
2017,2ee39902-f48a-4066-9c89-0a63e20c8b7f,HART Digital,,,300000.0,0,0,0,Rafael Mukhtarov,5feb0053-d5e9-42f4-aede-8ac05b5ec719,HART Digital
2017,fbaf848b-2dc8-4ed0-ba99-435d5762edb2,Enspan,,,,0,0,0,"HATCHER+, Quake Capital Partners","a0ed41b8-8031-adad-dbb3-2e8f8e1e6848, a03b1f1c-4215-a3c0-93e1-6b1207503b1f",Enspan
2017,7c42d6ec-1b01-446b-bc80-362d0d504168,Green Matters,,,,0,0,0,"Advancit Capital, Lerer Hippeau","55d85218-69fc-0338-0c26-43c2bdeeaf0e, ebef92fa-c852-dd62-1027-9ac044521e35",Green Matters
2017,f0fcd9ff-c941-4539-9779-089fb02fb700,Obi - Ridehail Aggregator,,,,0,0,0,Head and Heart Capital,5a50746a-6d0f-4e61-b201-3f1e6e15d6ea,Obi - Ridehail Aggregator
2017,0d8d0f8d-a762-480e-b9a1-62f139bc0c5f,Cryptolab Capital,,,,0,0,0,XSeed Capital,9455358c-1773-618a-ae32-fa4b5c1fae67,Cryptolab Capital
2017,6769017d-3985-4284-b326-3aba60b34b76,Sparck,,,,0,0,0,"Haney Business Ventures, Loyal VC, Santa Barbara Angel Alliance","8c4e1ee0-14b8-a934-1f77-b356abb61edf, 2aa9260b-57e9-4b14-b6b3-ef1e776b9a93, 7a88683f-98d0-4ef0-a447-20fc6258d45a",Sparck
2017,0fb98bc2-6691-457c-bcd6-82d4f22d18e6,Color Farm Media,,,,0,0,0,Backstage Capital,fea5b194-6f06-da30-a165-9f84ae891d5d,Color Farm Media
2017,8f3714d2-1e1b-4580-8b77-9ec3bfc50b14,Boltzmann,,,,0,0,0,"Newgen Venture Partners, Plug and Play","80cd1256-304d-aab3-0317-3cee80edd0dc, 93c87ab7-7cee-5c54-9941-104693dbbdba",Boltzmann
2017,b249da72-ffdd-4692-6aae-87175c6bd835,Smart Record,,,,0,0,0,UP 271,162a4724-a738-9e5a-a7a9-4299de19c463,Smart Record
2017,a2909149-1d5b-4175-916e-3eb5f4bb4d39,Cultivation Kitchen,,,1250000.0,0,0,0,Dalip Jaggi,e255fad1-acba-a318-39c0-2294ccb52bf5,Cultivation Kitchen
2017,f011c603-3a46-4bbf-b17c-827de96b22d2,Ameren Accelerator,,,100000.0,0,0,0,Ameren Accelerator,f011c603-3a46-4bbf-b17c-827de96b22d2,Ameren Accelerator
2017,17c4e0c4-08a9-4029-a67f-0f910e644e40,Capcell Biologics,,,,0,0,0,Loyal VC,2aa9260b-57e9-4b14-b6b3-ef1e776b9a93,Capcell Biologics
2017,ebd319f3-f6fd-bed1-f3a5-92ad436c8756,Ampjar,,,2000000.0,0,0,0,"LAUNCH, Stephen Garden, The Syndicate.com, Tribeca Venture Partners, Zelkova Ventures","2d296802-0ac2-3ee5-5d07-4e9383655a72, 29834aa7-66f7-43c9-8301-7f5a17c89976, 39b5e60f-3644-48b5-b7e0-584f386e042f, 649bec8f-2732-b53a-526b-1bd65b3fc577, 2e21ac6d-506d-b044-f7d9-f8d05e4f7ac3",Ampjar
2017,a97c1976-8f73-8c0c-4fb8-a144670016e4,Stealth,,,,0,0,0,JaMes Sowers,9ab96318-bdda-0378-e188-707f0960cbb3,Stealth
2017,245f05f1-81a4-45b2-92c9-b001a9e2bcc0,HashLynx,,,,0,0,0,Accelerate New York Seed Fund,c96a8d3b-83a5-4ffe-b8a9-66557f5778ec,HashLynx
2017,ae7f1c2b-2f5b-48c3-979a-38061ede2201,Whitney Technology,,,,0,0,0,Mucker Capital,459b0b0d-eae2-e063-6f65-69e85c913348,Whitney Technology
2017,8ae7d546-d01b-0280-9746-5e54759a5a0d,ARC,,,,0,0,0,Gateway,38128ce8-ccdd-4b18-0d4c-128f764041e8,ARC
2017,61b0e17a-6694-421d-908a-6ee5a0b8f50d,Uphold Health,,,550000.0,0,0,0,StartUp Health,00a9ad0f-c9b7-cd9c-404a-b0a799ba537d,Uphold Health
2018,6e08a059-c9ad-43ea-9d58-56a7eb7c144e,Paradigm,,,,0,0,0,"Chapter One Ventures, Dragonfly, Polychain","7dc0cc67-f476-0aaf-00aa-2e993626a6cd, ae6c664c-4dd9-40b0-bd6f-2d13693deed4, b77dec60-40b6-6ae7-68d6-8286a75e8dfd",Paradigm
2018,81ab15a4-6911-450c-b719-f60f217d2b3a,Follow Beauty,,,,0,0,0,RiverPark Ventures,66b98ab3-da64-5fea-ef0b-d2ab35f33b33,Follow Beauty
2018,a0071043-40df-425e-99a9-eb15a4b7c62f,HostiFi,,,,0,0,0,Calm Company Fund,57ebab33-1542-4586-b995-ee19d4c90dda,HostiFi
2018,d0ca4aa0-302b-4982-acf0-36171a552d76,Heirloom,,,600000.0,0,0,0,Kings Ventures,7ec1e048-c17f-47f1-b7ae-714f74601624,Heirloom
2018,d971e5f7-35c6-4e4f-bb92-ffb66cd4c849,Miele & Co,,,30000.0,0,0,0,CanopyBoulder,96166237-5f7d-8606-97db-180a1e72637a,Miele & Co
2018,d08e68b8-2843-49c9-a241-8302341975f4,IntelliCodeCraft,,,5000000.0,0,0,0,8VC,53377857-8995-2128-8f85-bfc8c4a2178e,IntelliCodeCraft
2018,c8315dc2-9eea-4122-9caf-af17dfc49dea,DocuSketch,,,,0,0,0,MyBey Ventures,2ad6e209-4310-1993-9da1-99c1babaf751,DocuSketch
2018,34d7128c-2432-4a34-96cd-9b242dc25b80,DC Bake Shop,,,,0,0,0,Union Kitchen,34f24c65-83ad-4910-9d13-207eadef3ec5,DC Bake Shop
2018,4568e792-d632-497f-9b01-498e79ddb8d8,Troop,,,,0,0,0,Trav Walkowski,08835342-8c32-4b85-9fad-3e1095d05c54,Troop
2018,e96476bf-5b20-4315-9534-ad91cea3a5e0,KNXIT,,,30000.0,0,0,0,CanopyBoulder,96166237-5f7d-8606-97db-180a1e72637a,KNXIT
2018,adc3e44e-46bb-475d-ba6f-5814e0b22007,Autom8 Network,,,120000.0,0,0,0,Techstars,3718597a-dd39-6661-3630-09cdd43bcac2,Autom8 Network
2018,306da8ca-6c17-4c46-a967-e87a44c88b8c,Fuse,,,17000000.0,0,0,0,"Abstract Ventures, Adrian Aoun, Buckley Ventures, JD Montgomery, Kevin Hartz, Sky Dayton, Tamarack Global","8426c4a7-1fff-c3d8-9af4-e673a788212d, 1701de8e-e4d2-d1c4-ff31-f50a15a65ded, 1acb875b-a9d7-4cdb-ace2-e8ac2f47cbea, 80df11aa-676f-40df-b6c2-0808b095997d, 77d5871f-f84c-8bd1-38f5-ce36ea09ed55, 3341a8af-67bf-7492-f8f6-b43500ad2761, b00f3134-0402-4763-a6b1-38c258a27dbf",Fuse
2018,913f579c-2b26-4004-8ca2-c756a74288c9,Democracy Brewing,,,,0,0,0,"Boston Impact Initiative (BII), Ground Squirrel Ventures","df889ae0-d1ef-40b7-970c-899da4edaab9, d1ae8c46-35c0-4cfc-9720-01874226ed9c",Democracy Brewing
2018,5117ee98-24f5-4aa5-930d-28d3f2218155,Juno,,,,0,0,0,Four Cities Capital,4b38ef37-c04e-4056-88f6-84c0a6f749d4,Juno
2018,1e5dc53e-ddec-4b8e-8870-7e0a256ae021,BlockFilm,,,,0,0,0,DigitalCPR,149dfdc3-57dc-4791-95c3-83cd83645a75,BlockFilm
2018,27b15178-9fd6-4018-88e2-229e844f5acb,ProcurePlaza,,,,0,0,0,MacMadigan,6c9c56ef-02f6-4fea-9ff0-cbf23bad96ea,ProcurePlaza
2018,6ace8580-914a-4cbd-9283-eee981329e57,Aarmy,,,,0,0,0,"AMK Investment Office, Fernbrook Capital Management LLC, Mousse Partners, Republic capital, Valia Ventures","c4122807-f9d1-40a7-8c6b-597e8a78fb48, ef1976cb-7653-425f-804f-cd3eda149f4e, 85133298-313e-3e42-d75c-d826860eb38d, db273a22-bab0-4627-951c-04cb941d609f, 6d210fb2-0ad2-8938-421f-8dfda1d3314c",Aarmy
2018,0d561aca-4e8f-48a2-b054-5b00f6a9e79d,Braandz,,,,0,0,0,Sky7 Ventures,16ab9392-bbd5-416e-9924-cb9416e93f76,Braandz
2018,5bac1965-934d-4080-8f92-5db1c4fac2e8,Intellipse,,,,0,0,0,99 Tartans,fbaf1690-d8bf-d03e-8944-2eb27a809698,Intellipse
2018,c3c19927-98a2-49e4-a9eb-04ddb577455d,Green Harbor Communities,,,50000.0,0,0,0,Maximillian Diez,729cdc8e-12b3-f021-f342-829eed3fef63,Green Harbor Communities
2018,663cd5da-7dcc-479c-90ae-45dbd20f2514,Fiat Labs,,,120000.0,0,0,0,Techstars,3718597a-dd39-6661-3630-09cdd43bcac2,Fiat Labs
2018,e6e81e1f-883a-4b78-bf96-7c4af173661d,Voxi Inc,,,750000.0,0,0,0,"Gravity Ventures, gbeta","f4531501-bdaa-f632-e749-0d9d29ace5ad, 902a18e7-1af3-4fc2-8267-499691fb5df7",Voxi Inc
2018,64af12bc-7aec-44dd-9246-97ca3a9332e9,Vega Holdings,,,150000.0,0,0,0,"Merida Capital Holdings, Minority Cannabis Business Association","afba80bf-5dda-4023-ab7a-2a02276c505a, ce5ccdb2-1ede-4cba-8fd2-ee166fb3dd92",Vega Holdings
2018,622e27f4-10e9-413d-b8a4-aa7c7ca81840,Planetary,,,1100000.0,0,0,0,"Balaji Srinivasan, Biz Stone, Blaine Cook, Bloomberg Beta, ConsenSys, Fuel Capital, Hard Yaka, Kilowatt Capital LLC, Upside Partnership","1958e5fb-f808-c866-81b4-c6e27f77edd4, 66728421-e17b-2f25-b41c-8c0be6f2ced3, c3c3ab64-9b13-bac6-907b-5230e2c28e92, 98c022ed-7618-e03e-ff49-8ba92924d58d, d17e4f27-d1aa-821e-dd0b-1a456dd678e6, 15bbf79e-c017-5760-eda6-368e7f77b91e, d5f94ef3-eed1-f673-bea4-be73afcd5fee, a6e384fb-3bae-9124-5ef1-326da81986f0, 869a75e6-ae78-d8f7-c7a7-700baeab870b",Planetary
2018,84184f34-460d-4559-a5ca-6bd377e31f2a,Normavila,,,11000000.0,0,0,0,Korea Venture Investment Corp,3e5cf94b-85f1-575d-0d36-49c15004706e,Normavila
2018,383d115f-8b40-436c-b815-e56a8d54c7d9,"Lubricity Labs, LLC",,,200000.0,0,0,0,Innovation Catalyst,6b1260f9-d25f-138b-33b5-078892d3ef33,"Lubricity Labs, LLC"
2018,44bcc2e3-2409-437e-a7f0-37c7c7e886dd,COLLABTRIBE,,,1000000.0,0,0,0,8finity Global,267a01a3-8124-4ce9-93b7-14d9c022c6bb,COLLABTRIBE
2018,93947fd9-f2dc-4f1b-b4ad-f43b360c97a3,Gradelo,,,500000.0,0,0,0,Yintai Investment Company,cf44f0dc-71db-4f63-a6fc-110557a6b5b4,Gradelo
2018,2e24b681-01e8-4462-8e5a-9938d46745c5,Bon Temps GP,,,,0,0,0,Robert Brevelle,bc0f88f0-fcc0-ebac-0470-8939d76484bc,Bon Temps GP
2018,eddafb31-aaa5-4534-af03-48c5a37b7ac3,TailPath,,,,0,0,0,NETOPIA,4fd211bc-650e-68dd-4c7e-6cd42f37d4c8,TailPath
2018,491bef38-6037-45de-8076-06ad5eda31f9,Charley St,,,,0,0,0,Vibrant Ventures,788e4981-c5e2-460c-8df6-4eec52b8c3db,Charley St
2018,f2480342-d2c0-44da-be00-9b66ea6b439e,Great American Turkey Co,,,,0,0,0,25madison,9d7e5b0e-2dfd-4bd2-ba8f-eb513b06a5af,Great American Turkey Co
2018,ee9ad903-e53e-491e-9f87-8ef6061b4ba4,UnderBelly,,,,0,0,0,Madworks Seed Accelerator,3c970d75-94b7-f851-99b3-d4abd1d78b99,UnderBelly
2018,c905de83-27fb-4e1e-8cc5-998c98585d03,Afirma,,,,0,0,0,Union Kitchen,34f24c65-83ad-4910-9d13-207eadef3ec5,Afirma
2018,5f923f8e-d719-41d4-9c4d-6b2494719da2,Comradery,,,,0,0,0,Y Combinator,73633ee4-ea65-2967-6c5d-9b5fec7d2d5e,Comradery
2018,979984d9-423a-4b8b-8f44-6ffc182e251e,Free Cash,,,453001.0,0,0,0,"Anil Thadani, Confidential ‏‏‎ ‎‏‏‎ ‎‏‏‎ ‎‏‏‎ ‎, Ossama Khoirebi, Samer Al Saifi","fd602ea5-07fa-4263-98f4-09b57dbbffde, 72c184c2-60df-4f71-b4b3-27f0a65cd06f, 3729e33b-f8bc-43c0-b2a6-122d465b7830, b41374fe-9184-4f88-b4d7-c8333a9e6430",Free Cash
2018,cee8f23b-db71-4712-9a96-951d418077c8,Gohub Inc,,,500000.0,0,0,0,Iterative,4ba5a9d7-409c-4135-99e0-8fb4cd70e970,Gohub Inc
2018,5234876f-eb09-48cf-a266-849bba706506,Liqvest,,,500000.0,0,0,0,Starta VC,f384c08f-245b-77a4-4d28-a1baa0de46cd,Liqvest
2018,ee0fc980-5e8f-44fa-83ee-00346b059a6f,The Giving Block,,,1500000.0,0,0,0,Stephen Cole,beb16ffd-f68f-4231-bb8b-6923a281b4cf,The Giving Block
2018,7bf726b3-d58e-4b9b-ba89-19814172bc92,Body Elevated,,,,0,0,0,Loyal VC,2aa9260b-57e9-4b14-b6b3-ef1e776b9a93,Body Elevated
2018,527421a9-10e5-4ead-a463-0cfce11f2069,Skipp,,,,0,0,0,MetaProp,bb48b54a-516d-6b34-6cfe-73beeb288984,Skipp
2018,8b727eb8-2b6c-4240-9aa9-293d978af32b,VENA Network,,,,0,0,0,"Byte Capital, Consensus Lab, DigiFinex, Future Capital Development Fund, Home-Run Accelerator, KuCoin Ventures, LD Capital, NewDo Venture, Transference Fund","ea7fb72d-9983-4094-97b0-9c5b448c4aa0, 00b16f7f-0eba-4b19-90bd-bb084b489e7d, 1c95b281-53d0-465b-9223-40697b5cf736, 446b097a-7fb9-05c8-a47a-cf60511c9fb6, 7f6361b8-5c13-4e80-97d0-9c00dc43ef51, ae172858-f8ad-479c-ba99-44a23586cd11, 4f24244c-7a29-4c5b-a902-7050e1867e00, 5fe42fd9-3c40-bc0b-7fda-66ea7976e4aa, b31fd87b-bc22-479f-a8b7-3a00a1895bce",VENA Network
2018,d832c6b2-cc93-4192-a647-47bfe22f552c,Tubeaux,,,,0,0,0,Callais Capital,3749fcba-8a2b-075d-6fec-00aa944308d5,Tubeaux
2018,47ba10a7-b823-411e-864a-0301785a5f42,myurls,,,,0,0,0,Cache Ventures,b58f08e2-aaea-15e0-eb78-fd12d6233673,myurls
2018,f598a90c-8981-4f22-a279-a4478d43951c,Oooh,,,,0,0,0,"Quiet Capital, XRM Media","77a62165-8649-470a-b92e-e1c40ca8c44f, 8f7ecc90-330f-4752-8697-a9e4ca0ff667",Oooh
2018,b63fba31-2cd3-406f-aba3-eb25b8eabccf,Guided Clarity,,,,0,0,0,"IndieBio, SOSV","983675c3-2ee5-471f-6b57-c9e32a0369c1, 39041e62-6b24-ae8d-1347-4cea947e832c",Guided Clarity
2018,18c5aab3-a079-46b0-9225-7162b6795547,VotingWorks,,,,0,0,0,Y Combinator,73633ee4-ea65-2967-6c5d-9b5fec7d2d5e,VotingWorks
2018,df862d34-27ad-4bf5-9596-c9f1179849de,hCaptcha,,,,0,0,0,Kenetic,71cdd7fd-6686-4855-8a36-6a581b85c948,hCaptcha
2018,658b9383-95d5-4c07-a110-bcc6cc60bfeb,RichDataML,,,500000.0,0,0,0,8VC,53377857-8995-2128-8f85-bfc8c4a2178e,RichDataML
2018,072bfa6d-b5f4-4ea7-9a8a-364fdf559676,VR.IS,,,150000.0,0,0,0,Friends & Family,5f83f62c-50c4-4e34-9a0e-5544271eb470,VR.IS
2018,a42051a3-3ba8-4acc-80e4-834f084522de,Xperiti,,,1700000.0,0,0,0,"Boro Capital, IBI Tech Fund, New York Angels","2695d94c-07d7-4ed0-83d3-65ed06c18d77, f64a5db3-4235-47c4-96e7-82775d9783c2, fcd0c596-99b3-f0ea-588e-cdbb3c82cb88",Xperiti
2018,e39c7af8-fc99-4113-81b2-75192716c019,BillClever,,,50000.0,0,0,0,Mateo A. Morrison,384f86e2-a042-84e1-304b-209b127721dd,BillClever
2019,6b50b495-29e5-446e-ae4f-dd410bf4fb4b,Frost Methane Labs,,,,0,0,0,Liquid 2 Ventures,5ce64378-cb2d-266f-5719-0cd08e9a0063,Frost Methane Labs
2019,637aca19-46f7-4b04-8812-6d890dad0058,Build A Pint,,,,0,0,0,NMotion,f51eb231-98ae-b443-e93b-aad5d22dd721,Build A Pint
2019,7d312d7a-f06d-4441-bd7e-807ab5cd0a47,Supermaker,,,,0,0,0,Color Capital,f393e046-a988-4442-b494-e80911901aef,Supermaker
2019,77fde926-e283-4894-afee-8bbb3fab06b0,HyperBeeAI,,,4200000.0,0,0,0,"Nick Candito, Revo Capital, Seed Round","cacb1abe-30e7-1e56-c27a-196d9ce1f44e, e287444e-5ea3-5342-fdff-509baa358ad5, 6cad4e41-c3b3-44e1-be24-9c7f45b44416",HyperBeeAI
2019,f0bdbdeb-8e23-4ae7-8c30-7d4b8648d29b,Habi,,,,0,0,0,Tamarak Capital,4955f555-04c7-484c-90d8-4fc6922c04f1,Habi
2019,65500f7e-cdff-428a-b432-0195b2192286,Kurvv,,,1000000.0,0,0,0,"Black Mountain Ventures, BonAngels Venture Partners, Sung Cho, Translink Investment","820380ce-f62d-475b-96f4-ff5a30488db7, a9bb5837-4190-2f46-6740-c673f233b911, 6ae0cdea-4fde-fb93-5eeb-39d245a5b552, 7d4b92ad-c413-427d-b4d4-53db24c6c88e",Kurvv
2019,53a15806-f382-442a-b9b4-ac5e419c6e2f,Planaria,,,1800000.0,0,0,0,"Ausvic Capital, Calvin Ayre","36c89d8d-c70f-4823-ab1f-84e917c0a1cf, f4baea2d-306a-ef4b-10c2-4c6cadb5c5f5",Planaria
2019,def1827d-f356-49f6-8de5-558c4aff41ee,Rentaz Corner,,,9000000.0,0,0,0,Thomas Ranga,9a2cf957-8005-4db2-a5b6-a643d291a94e,Rentaz Corner
2019,987329b0-80cf-4a43-8b4c-5af635f0229a,Delu Games,,,,0,0,0,Madworks Seed Accelerator,3c970d75-94b7-f851-99b3-d4abd1d78b99,Delu Games
2019,673a96d0-7773-4d52-84f0-aa4cbd39e664,Baotris,,,,0,0,0,Soma Capital,38e872c6-1718-50e1-6150-a12038568992,Baotris
2019,f045af05-1ac3-488c-baeb-97c6490dba9b,Americano & Co,,,,0,0,0,Union Kitchen,34f24c65-83ad-4910-9d13-207eadef3ec5,Americano & Co
2019,b3c4d28b-f0b2-472f-a468-7b8d01bf997c,Chorus,,,,0,0,0,Brooklyn Bridge Ventures,b9b73f6e-f89c-15c2-e8ce-a3e710825546,Chorus
2019,fd35b417-fa83-4b2c-b562-a0172262d552,Archer,,,,0,0,0,Sprint Vc,71e2062b-9c37-4c4e-9a7f-421aa1cf067e,Archer
2019,2e6b9153-46b8-4c82-bb98-deb43a6c42b5,Państwo Łąka,,,235000.0,0,0,0,AgriTech Hub,bd966b5c-97cb-4b89-9747-27bfba95e899,Państwo Łąka
2019,a52bce44-ae02-486c-be82-6b63db3115b2,Oculi,,,1000000.0,0,0,0,"Abdo Achkar, Mark Edwards","e5ed15c9-d381-4b1f-8808-02ecc0fdd06e, 9ff03b1f-deb4-79db-425d-31029bd08d72",Oculi
2019,85a84ec3-bcef-4b7e-be4e-42b28d0f6ece,RentCaddy,,,,0,0,0,LAB Ventures,13033dd3-1613-42ba-9c01-dd079c106a0a,RentCaddy
2019,addaeacc-0f35-4b41-b82b-f7cd42dfbcec,Trilogy Sciences,,,,0,0,0,Social Impact Capital,3bad5e9a-ab7b-c4cc-fe69-ec6818e66562,Trilogy Sciences
2019,d24a7412-b7c1-47fb-be11-e2d5479f79d0,Rhapsody,,,,0,0,0,Greycroft,9dd7066b-069a-9dd9-c211-06db31253bd0,Rhapsody
2019,828920fb-7bb3-461c-8113-4f60ba50dd90,Cadmium,,,,0,0,0,Mercuri,965ac990-feb0-447e-9813-5fbeea002547,Cadmium
2019,020ada99-43c5-4f5a-a5d4-9da5c89dba80,Surge.ai,,,,0,0,0,David Kumaran,fcc4de96-55d2-07b9-ba54-a6a7152058b2,Surge.ai
2019,f2a230a4-3781-405b-9c8c-5a8ed72a4d41,Nanopath,,,,0,0,0,"HAX, SOSV","0812e67e-d94d-27e0-8112-8f63c7337271, 39041e62-6b24-ae8d-1347-4cea947e832c",Nanopath
2019,57373228-9bbf-4bf6-a84b-784ca297c584,Scriptofilm Corp.,,,,0,0,0,Speed Accelerator,87555953-1e2f-802f-b57b-69fbce9b015b,Scriptofilm Corp.
2019,9667c694-90c2-469b-a40f-41aaed375711,Port,,,,0,0,0,Backend Capital,60fd03db-a3c5-4117-8c51-7240138c37bf,Port
2019,70a9bef6-94c9-409e-82f2-49bb10765c2d,Geeek club,,,1000000.0,0,0,0,"Andrey Tsytsenko, Dmitry Shklyar, Grigory Vasinkevich","d895d9d8-437f-4f52-adfd-336a87bea32d, 56142236-2bbb-4f51-9929-88ee8a88ee66, fa848c0d-bbf5-4a8d-a3a8-65c3c2d5ea4e",Geeek club
2019,85fcbeb0-ccbc-492b-9855-ec42586942d0,"Anodz, Inc.",,,,0,0,0,Global Insurance Accelerator,7408c192-50bb-6cb9-2d4c-8a360e086709,"Anodz, Inc."
2019,9be2df53-31a6-479d-a493-8ae59410e597,ServiceBot by WorkWave,,,,0,0,0,Red Cedar Ventures,0db76b4e-f6f1-4a50-5e4b-503a97ca3d83,ServiceBot by WorkWave
2019,a5b347f6-b38d-4dc9-851f-6a5694b35595,Jelly Labs,,,,0,0,0,Liquid 2 Ventures,5ce64378-cb2d-266f-5719-0cd08e9a0063,Jelly Labs
2019,9a39893c-d560-4c82-a9bc-0e5c667cf81d,Outlever,,,,0,0,0,Bloomberg Beta,98c022ed-7618-e03e-ff49-8ba92924d58d,Outlever
2019,4105db4f-77a0-4dbb-a8c6-ce27241d0f1c,IODLT,,,,0,0,0,NEM Ventures,bc06e271-8e62-4a83-9286-c540cef163ea,IODLT
2019,67d29e06-ebcd-4223-aaff-480e463b9a7b,PodFund,,,,0,0,0,TechNexus Venture Collaborative,3b329dc6-3981-fae4-dd5d-292f014a64da,PodFund
2019,cf0142ff-759a-45c0-bb61-db4530649c99,Jem Ferments,,,,0,0,0,Union Kitchen,34f24c65-83ad-4910-9d13-207eadef3ec5,Jem Ferments
2019,932da31f-1c88-4a8e-a27a-a14a4205effc,"TRYB, LLC",,,,0,0,0,Union Kitchen,34f24c65-83ad-4910-9d13-207eadef3ec5,"TRYB, LLC"
2019,e1e28d8c-ed0d-4af2-9fee-27ff38a8132a,Herald,,,,0,0,0,"Rough Draft Ventures, Y Combinator","313585a6-d860-8f2d-e6d0-f3dda5dc1be9, 73633ee4-ea65-2967-6c5d-9b5fec7d2d5e",Herald
2019,46972fc3-1b24-4086-93ec-b373413c3918,Inception Ops,,,,0,0,0,Unshackled Ventures,70c82573-5401-4fa9-d2f0-53652c7a2d74,Inception Ops
2019,41cb40cd-82a6-4976-a8f1-ab5ed581db89,Land Intelligence,,,5584999.0,0,0,0,"AGSM Ventures, Angel Star Ventures, KiwiTech, SC Launch, Inc., Second Century Ventures, South Carolina Research Authority","606a4f99-45ba-4ff2-b306-48118d08a27f, 6a10bafd-cfae-40ab-8e58-9e8822603a06, b8b4a39c-660f-4c48-44c5-5acd0a9042df, dc48b090-bf0a-43f9-a94f-309941fa3a29, 51f47ee3-159e-8ffd-a9e4-c4e9da462079, 1d7e68a8-d9b3-0953-ae8d-89e0e66a9375",Land Intelligence
2019,95fad83f-9d19-45bb-ae5f-4f45ffbee3b0,Doji,,,4000000.0,0,0,0,"Cherubic Ventures, Golden Ventures","6437e49b-b5fc-a89d-f9cf-c75e8362abe3, 12dcff68-a3f2-c2cc-d3de-dd56f4f10b51",Doji
2019,50dc2099-bd07-4622-9bce-dd7db4f5bc4e,Prowess Project,,,,0,0,0,Loyal VC,2aa9260b-57e9-4b14-b6b3-ef1e776b9a93,Prowess Project
2019,67001714-5428-44e1-ab8c-867ef22d2828,Defy Gravity,,,,0,0,0,"Backend Capital, Daniel Curran","60fd03db-a3c5-4117-8c51-7240138c37bf, 1417de64-9e75-ff31-eb74-b52263a98414",Defy Gravity
2019,a73f40a4-04f1-4cfb-a34d-5756835216b7,BLAYZE,,,,0,0,0,"Andrew Wait, LAUNCH, The Batchery","6415a17d-9dec-4e24-a47e-88a79cfc158e, 2d296802-0ac2-3ee5-5d07-4e9383655a72, 9609ebdc-a980-40c8-d0cc-be47772f0d1b",BLAYZE
2019,64e7ef83-abdb-4628-b6ff-e2f693b83986,Unit of Work,,,,0,0,0,The E14 Fund,80f14e64-81f8-4e23-50bf-0976525a76d7,Unit of Work
2019,0e6b840f-f715-4c63-9181-e1110cce29b1,Qbrio,,,,0,0,0,"5P Capital, CIMEDO, Michael Schelper","fb7f0ba3-d9cd-4232-8948-44818e93f4b7, 00ad5c27-c6ac-480a-aff5-c5114432dc1a, c8c318e4-d5e6-4591-8bd6-a8dd7383949f",Qbrio
2019,832bf59f-d19f-41b8-a9a1-3971e6b6e8f9,OttoQuant,,,,0,0,0,Pinto Ventures,360fccca-b69f-401f-ad77-3057bb8fd63f,OttoQuant
2019,706b0718-6b74-4841-8a07-47dacf3935bf,GoodHuman,,,,0,0,0,"Supernode Global, West Quad Ventures","510475b0-76f8-f926-a2da-0e1b77910074, 76467962-bde6-4d42-9c1d-786030df4089",GoodHuman
2019,cd1d706a-e793-4dcc-a4f1-8b860caf44d6,Spartacus,,,,0,0,0,M13,6da41174-121b-59c1-1393-1e67b686b9bf,Spartacus
2019,00e15fa2-c978-473a-b3df-4201ac8d15e8,AMKUPFashion,,,,0,0,0,DigitalCPR,149dfdc3-57dc-4791-95c3-83cd83645a75,AMKUPFashion
2019,f9d71f4e-f1da-4248-9c75-2c63106cca82,Rock,,,,0,0,0,Musha Ventures,08ae3e8b-0a49-47a3-91f8-433c3439736f,Rock
2019,a565d88c-42bc-40a9-bdff-e23d0679e030,Juno,,,50000.0,0,0,0,"Invest Nebraska, The Startup Collaborative","da53c895-8b15-c7aa-c581-d8c03d216db5, a9b046b8-b27f-4e0a-8d5b-93883f12efe6",Juno
2019,665ac240-cf67-4bcf-bca3-1236c02c935a,GrowthLever.io,,,275000.0,0,0,0,Si14,804a65d2-634c-1ec3-8187-92b64e1fcdc7,GrowthLever.io
2019,41a44cb4-9766-4998-abaa-6b2de5d60984,alternew,,,150000.0,0,0,0,(ERA) Entrepreneurs Roundtable Accelerator,b4386e5f-53a6-fc77-ebd4-b6e0bef0aaef,alternew
2019,1a42c6bd-c600-48f1-87b1-f24af827e17d,FourQ Systems,,,6000000.0,0,0,0,Dubilier & Company,0bc4e3cb-84b9-53a5-3403-7c13928f883b,FourQ Systems
2020,e716d5d0-db6b-4059-bade-90832ec66738,Dollar Donation Club,,,,0,0,0,The London Fund,92b41f4f-4cfd-3585-8924-365a2431b5f4,Dollar Donation Club
2020,59a7dd32-bbbc-4905-9013-01d5a760dd65,WorkEQ,,,3250000.0,0,0,0,"Active Capital, Fifty Years, Necessary Ventures, Texas HALO Fund","57a7867b-ea57-d113-92bd-f78bdc78bf24, ac83e966-cd61-c78d-afbf-ea824bbcdf91, 3eb5284f-f1d3-46f6-b898-7d63292e0d18, e0f8d7f7-0b11-ffbb-4597-4efdcf0e22fc",WorkEQ
2020,a262dd6d-125c-4b4e-8f44-9f39895b6e1e,Upnext,,,,0,0,0,Flat6Labs,392268c3-8e74-6066-7783-9d19f5e80411,Upnext
2020,be2b9b32-4b9b-4ccb-a4fe-131e11f80e15,Green Frontier Capital,,,,0,0,0,Karanpal Singh,3cc28eb7-04af-2fb1-8662-ce4767c8474f,Green Frontier Capital
2020,84ac0555-dc3a-4a2d-b507-4328cdc85d42,Ring City USA,,,,0,0,0,Liquid 2 Ventures,5ce64378-cb2d-266f-5719-0cd08e9a0063,Ring City USA
2020,a40ca7b3-e710-4a40-8369-76f05793cb9c,Japio,,,336000.0,0,0,0,Francis Kanneh,48dfcace-51a8-4580-8d1b-b618965638e3,Japio
2020,45b53eff-a33a-4584-b048-ff047d343f8b,vstudio,,,63259.0,0,0,0,"Craig Morris, Jill Davies","ec742286-9ca2-4d63-bcfb-d97e66a0c245, cc87977c-01a7-42e1-b492-3bbc4d549a55",vstudio
2020,4b1a3c7c-69c7-4046-82e7-3fc03ba645db,Mellow,,,2750000.0,0,0,0,"Arrington Capital, Focus Labs, Lemniscap, NEMO Ventures, P2P Capital, ParaFi Capital, Primitive Ventures, Principle Ventures, Robot Ventures","ff7269dd-dc3f-4ddd-9455-81c530239858, bb90f2e9-c3bf-4954-98b0-ff715aac1ee6, e7b294da-48ef-4c99-8aa1-5de72fcf77d6, 06d53aa4-cbbd-4a98-a745-83355632cadf, b583d5fc-2dd6-4579-8850-83ea41245ae9, 6246eb52-1595-468b-9781-c8457d9c09c2, 4cbd3445-26e0-402f-8a38-6f048eb3a0e3, 87d918a0-2015-4bce-875e-f9a0476d74ee, 63d87b66-09d5-4ec0-af3c-0297ca03cb25",Mellow
2020,7b01a8df-0e99-4db8-84b3-bce2907b9591,Cognition Robotics (stealth),,,10000000.0,0,0,0,Ibex Venture Partners,4cc0ff04-f4cf-4408-b6c8-91c45bac95b5,Cognition Robotics (stealth)
2020,1b46f7da-1175-42eb-a05d-97516c2425d7,Xintube,,,201000.0,0,0,0,"Antonio Casacuberta, Jorge Mettey","49742427-840e-b5c5-017b-3057e5c12367, 6bb53784-f795-470b-974f-496fdb360832",Xintube
2020,8e771a57-20b2-4776-87a1-9f7055ad10aa,Edify,,,,0,0,0,7percent Ventures,7654ff51-f435-7610-d965-19ced655b2d1,Edify
2020,c93af417-db76-4013-afc5-4df25562da77,Velma,,,3100000.0,0,0,0,Harlem Capital Partners,12238a01-c83f-31f2-dad7-203d55de5851,Velma
2020,4fcdde7e-e3ed-482d-a40c-54b11065c48b,"IGNITE IMPULSE, INC.",,,160500000.0,0,1,0,"Medmax Ventures, Shenzhen Jiadaogu Investment Management","abb572f6-9b69-9eac-36c5-12b03d830361, 5558cb16-6e9a-4ef1-9342-e22ebb08cd97","IGNITE IMPULSE, INC."
2020,5fe5385c-4f34-44bb-bf56-ddcdb70bfa9f,Gen Auto AI,,,126000.0,0,0,0,"Amazon Web Services, Google for Startups, NJEDA, National Science Foundation, New York State Department of Labor, Nvidia Inception","bd23a50d-2ae3-be33-2a35-383ea9ed13fd, 5167b830-a941-ed08-d275-f74473d13e91, ca32f0a4-839d-4e83-810e-c33a54b40647, e66e2167-b9fc-08d4-d3bc-e222202583cb, 30f87dcd-4f22-5143-f52f-bb9995e5f7f7, a470a633-927b-c09a-a2b4-c952e1898541",Gen Auto AI
2020,68a5d501-f6a7-447e-8c08-fdf5b23fe727,Scout,,,1200000.0,0,0,0,Unusual Ventures,adc3106c-d982-41b9-92a5-2e5e4b6e8e7f,Scout
2020,791ce2fc-3c7e-4dc1-b292-714aa435a50c,Covid Apollo Project,,,,0,0,0,RA Capital Management,70db5de1-7334-d744-5e6d-31c9e3b8d764,Covid Apollo Project
2020,d26e85a2-0dee-441e-a7d0-cf7dab8016e0,Intentomatic,,,,0,0,0,Afore Capital,acddc982-f23b-b2c6-6025-3e9efbfd6ed4,Intentomatic
2020,daa3e2f1-a4f2-48b5-8749-115368af033c,Assetario,,,,0,0,0,Liquid 2 Ventures,5ce64378-cb2d-266f-5719-0cd08e9a0063,Assetario
2020,dc8e08b4-bf66-46c6-b581-04f94cfaee35,Chewie Labs,,,,0,0,0,Bradley Horowitz,e81f7292-ab90-961d-3adc-35a46e237914,Chewie Labs
2020,7a56bab5-3f85-49d2-83c7-94a881023e4f,RaliCap,,,,0,0,0,Ground Squirrel Ventures,d1ae8c46-35c0-4cfc-9720-01874226ed9c,RaliCap
2020,e5bcf687-317c-4966-80d9-db5bab300932,CarpeMed,,,30125.0,0,0,0,SkyDeck Berkeley,4330106a-a1f5-2edb-c71e-ff03738d0b54,CarpeMed
2020,a26d07f3-cb59-4758-898a-776c2ef72443,nycrypto,,,800000.0,0,0,0,"Distributed Network Advisors, Transform Ventures","d4397397-c991-44c1-b68c-1240a86c9350, 2c2da041-8ca2-4a7f-b014-c29ad74c3f11",nycrypto
2020,44fad119-0bd6-4c71-be08-e2aa3f042bda,SiBS,,,2500000.0,0,0,0,"Harry Sloan, Jeff Sagansky, Peter Guber","233c7c7a-616a-5eaa-4fd6-148c8b910925, 9e4a33d5-c18d-0afe-7cf1-62d93589ae6b, c3fe299e-ee65-4544-9124-da762dccfb32",SiBS
2020,8cee61ff-e8aa-4874-a6e8-2b1d0ba6675b,Digital Sinsations,,,176000.0,0,0,0,"Nvidia Inception, Startup Weekend, Techstars","a470a633-927b-c09a-a2b4-c952e1898541, e63e421d-9330-06da-c625-be16012338ee, 3718597a-dd39-6661-3630-09cdd43bcac2",Digital Sinsations
2020,631f6055-df3b-4b0f-bdec-f1f110082679,Campfire,,,2050000.0,0,0,0,Kickstart,f2f2777b-de97-de3e-74b1-ba42c751ed2d,Campfire
2020,f4b01f8e-fa92-4c2a-a2b9-ff17ada0b04e,HOPE Hydration,,,,0,0,0,"Adam Draper, Boost VC, Burnt Island Ventures, Grayson Allen, Mazarine Ventures, On Deck, Pentair, Spice Capital","e205aa3d-06aa-eda6-afd9-07d53b370701, 8b72d07b-a571-fa2b-7e63-6fbbb631c53b, 682898e2-5799-4031-857a-a918feb16688, bafadc0c-7fa3-4ada-9bbf-61a2111c5fac, ecade774-0ad4-46a5-b824-5412f28455b7, 2f0b630c-e5be-46f0-953f-1cf4c2c1a441, 0f2ecaa1-104d-7bf2-a0da-b97061fc6de0, 953ec9d1-c187-4674-b10a-3f73054044a6",HOPE Hydration
2020,2c353177-735d-4439-a09c-d6df76a389ce,Wild,,,,0,0,0,"HAX, SOSV","0812e67e-d94d-27e0-8112-8f63c7337271, 39041e62-6b24-ae8d-1347-4cea947e832c",Wild
2020,b14d697e-651e-4573-be34-96f410d7c2e4,LMNS,,,150000.0,0,0,0,Antler,00daca16-8311-454b-84e0-24a40d16be9c,LMNS
2020,3e55bfed-7723-4d96-b2b0-be61529aa22c,Togetherhood,,,4500000.0,0,0,0,FJ Labs,20242b76-1950-6156-2811-f7171fc99de8,Togetherhood
2020,a83f8f33-53c9-48ee-aa5e-4ec720130f02,818 Spirits,,,2935000.0,0,0,0,K5 Global,a8478414-38c1-4084-a2a3-4074f6feae95,818 Spirits
2021,655f26d0-d8cd-4dda-b15c-5c906842189b,LeadMeNot,,,,0,0,0,AiM Partners Inc.,c508b3ee-d6a9-4a3d-8983-d14151c1a9f9,LeadMeNot
2021,7208b5a0-4d68-4709-becb-f790be199b34,Green Zuru,,,,0,0,0,Leah Solivan,09c7966c-8b24-4805-9c49-25bdf40e6048,Green Zuru
2021,6e3c0574-feb8-6f4d-d3c5-fbea9e3c7dfd,Flora,,,,0,0,0,Gateway,38128ce8-ccdd-4b18-0d4c-128f764041e8,Flora
2021,74fe5062-5b3e-439c-a818-97c08006719b,HelloTrace,,,,0,0,0,"Amplify Partners, FirstMark, Lorimer Ventures, Oceans, Zero Prime Ventures","aa978289-a0e0-8e2d-9db1-537203f28e62, 86742bac-1934-8ad1-2190-3a1cca668505, 457be71a-e4a4-4f4f-9fe6-f2d461964517, 2549059c-27dd-4ea1-832e-f965215d9747, 1cc65a00-0f73-4eab-9b4e-76785a54a284",HelloTrace
2021,780e5830-d0ea-4c10-b06d-612dad4358a3,Intelas,,,,0,0,0,"Edward Lando, Pareto Holdings, Roman Smolevskiy","16496cb3-1c18-98f1-0eff-3819930827a8, a4af56b9-4f9c-4f0e-ae9e-4d1dffe72d44, 2b2b6a73-5717-4e23-8b21-51a684a97281",Intelas
2021,06bd565d-a57c-4da9-ae89-94ef037ed23a,milNIL,,,,0,0,0,GenesisSurrogate,e61c1f65-fd71-4313-8d87-0e183ff1d1e9,milNIL
2021,c11a4828-91e8-441b-939d-bf602dd6e231,BOSS Startup Science,,,,0,0,0,GLD Invest / GLD Holding AB,b0cd6e22-96af-f1e1-0265-0f333473d872,BOSS Startup Science
2021,a5767df6-ed30-4bc8-be92-51c75482ee8a,Applatch kids,,,,0,0,0,Baltic Ventures,4cefa91b-0410-4f9d-98e8-48ac46b8ae56,Applatch kids
2021,aa141f1d-69f6-4745-ae10-4f475cfc1fb5,Hedado,,,,0,0,0,Andreas Quandt,097cf90e-2c80-4bb0-e62a-fc6f6768c2bb,Hedado
2021,a36852dc-6eb7-4ab2-8662-a4657ca0761c,Locker Corp.,,,1257500.0,0,0,0,BAM Ventures,e21d800e-0b36-0917-dc1a-4fa240944ed6,Locker Corp.
2021,50795a20-a054-4dca-83c2-5fc02acc5c5f,Enspi.io,,,600000.0,0,0,0,"(ERA) Entrepreneurs Roundtable Accelerator, Tundra Ventures","b4386e5f-53a6-fc77-ebd4-b6e0bef0aaef, bad316c4-aa57-4936-aabc-3f2aeaff88a6",Enspi.io
2021,f0638360-61e6-4a23-a7dc-97b35070f831,Protiv,,,2400000.0,0,0,0,"Early Light Ventures, Las Olas Venture Capital, Lightbank, Parameter Ventures","3e55c37a-1c3e-3dc6-c71d-7920caa4129b, 6cb3e697-b5c5-2577-ccc0-325211ad816a, 03dfca70-dcfa-c445-e0d5-d2b1f736dc9e, 3e8b9d5f-ab1f-4bc2-97ba-4f2d17e97fa2",Protiv
2021,70164342-ab61-4e81-8230-07b3796b6a6f,Perfect,,,13000000.0,0,0,0,"Chemi Peres, Dan Naftali, Joule Ventures, Leon Recanati, Nir Adler, Oren Rosenbach, RTP Global, Target Global, Tomer Pomerantz, Uri Levy, Young Sohn","a80fb4a6-6cb8-b21b-aa60-1a478211071f, 6ba9a04a-71ab-427c-8029-23153970810b, acc8934c-954d-4167-f619-7de6db14e87d, 70919397-92ea-d634-5f91-e0f0626f726c, caaf379c-b612-480d-acaa-403f8bffbd39, e84ae4b3-ae97-cef2-192b-3f672ffebab9, 2d86b0fe-8e61-7ce4-caf6-23a3d71c209e, 1c53e2af-ce53-9c3e-a80c-0315b3d7cc6a, 4655717d-aadd-4cdb-ab95-ac196311bba9, f04d5c07-d0a6-48f6-9651-6d6d33d4969a, 550130e4-f2b9-7cef-003b-550b1b6fe840",Perfect
2021,d22c8d1c-03be-435a-b7bd-5fab9071c415,SAMA Fertility,,,80000.0,0,0,0,Brinc,35e5ca71-ee44-1043-abaa-e9578d72d28a,SAMA Fertility
2021,7a783250-a52a-47b0-ae83-9efff9b569ea,Spring & Mulberry,,,,0,0,0,Triangle Tweener Fund,517fd582-3d7e-4acc-badb-54b95374387f,Spring & Mulberry
2021,a8d0acd3-eec4-4ba5-8029-977e81edec10,Wand,,,,0,0,0,Nicholas Chirls,48bc1d4f-fc4c-15f2-3ba9-3c50a12d5b5b,Wand
2021,53272d6a-7498-42cd-98a8-83785bad2a22,SiteBridge Research,,,,0,0,0,Triangle Tweener Fund,517fd582-3d7e-4acc-badb-54b95374387f,SiteBridge Research
2021,67a0bcec-75bf-4d84-9446-7cf38d36415d,Treble,,,,0,0,0,Radar Ventures,4712da0c-72e2-4cc0-b4f6-9ffba1a37a94,Treble
2021,c9e246ad-2daa-4b88-b2bf-59f6f3b0846c,Cohrewebdesign,,,279000.0,0,0,0,Techstars,3718597a-dd39-6661-3630-09cdd43bcac2,Cohrewebdesign
2021,68421d5d-92ef-41cb-bf1d-6cd9d3cbafa0,MacroX,,,3000000.0,0,0,0,"Argon Ventures, Deep Future, Swaroop Kolluri","170079fa-e182-4e0b-ac34-ab0ee2ff9af9, 787a6b73-b72d-4fd7-8a3e-0c354978c9b4, a41bfdd8-0d25-c347-b5a1-b52107f9b5c3",MacroX
2021,ffa1834a-b104-4d4d-9f4c-30965813807d,ReUpp,,,,0,0,0,Adventure Capital,84b0db24-3be5-2f11-c792-49248c8fa135,ReUpp
2021,1b7becd5-6c6d-4914-9eb5-757696b9ccf5,Reform,,,,0,0,0,TinySeed,2ffb1c6b-f579-465c-be60-2265212e4395,Reform
2021,e8e341b5-494f-4b1e-8469-45ffa66de980,Mana,,,125000.0,0,0,0,Village Global,dc7fc343-2884-5489-8127-9e3ed9f88349,Mana
2021,1c4a1dee-9521-4cc2-a62d-f9d44d4099ea,TestifySec,,,6400000.0,0,0,0,"Dreamit Ventures, Mucker Capital","754d8bc2-837e-c59a-3552-70f150b5858a, 459b0b0d-eae2-e063-6f65-69e85c913348",TestifySec
2021,74a192dd-2fc1-4474-8917-c94a51a27c15,Zenapse,,,8000000.0,0,0,0,"BaseCamp Ventures, Ben Franklin Technology Partners, Broad Street Angels, Naples Technology Ventures","2f6d3efd-93ae-4647-4fb7-a24bb486995a, 587783a5-94d9-11d2-b4ac-921962270a94, 769e2972-f218-4c7a-858c-12b1c3d1a607, 95c3ad8e-7441-23e8-3632-fc173de4794a",Zenapse
2021,147300bc-c2fa-4d1b-9447-d239834a367e,QuantumShield,,,5000000.0,0,0,0,Ibex Venture Partners,4cc0ff04-f4cf-4408-b6c8-91c45bac95b5,QuantumShield
2021,1f2cd77f-7107-1826-59b9-884856670125,Sharebird,,,850000.0,0,0,0,43,68aefa64-ec06-4c9b-a524-7c36a57b91a6,Sharebird
2021,229d8924-f260-4364-83b3-d73e5279f0c1,"CINNAMOMMY, LLC",,,,0,0,0,Union Kitchen,34f24c65-83ad-4910-9d13-207eadef3ec5,"CINNAMOMMY, LLC"
2021,a2ed0fec-8ea4-4cee-97a2-28597dbce161,Bugle,,,,0,0,0,InvestTN,7e68d022-05f7-4a62-a16d-6111aaf0262f,Bugle
2021,b9cc8266-6dfe-4845-9848-e6f23778ce9f,Lando,,,,0,0,0,Ulu Ventures,d3b860d3-dfd4-c159-c075-088c842452f2,Lando
2021,3919b19a-b274-41a2-8741-fa5aec8671e0,healthŌme,,,,0,0,0,"Allegis Capital, American Family Ventures","61b45ec9-68bc-4731-883b-26a509bca456, 79d6285c-324b-1c87-fbf8-2ccd0088a0ed",healthŌme
2021,8504dfce-daa7-4aed-b3cb-84f1c9b15736,Ethel's Elixirs,,,,0,0,0,Union Kitchen,34f24c65-83ad-4910-9d13-207eadef3ec5,Ethel's Elixirs
2021,61cddc35-7c6c-451c-96d8-d2914076217f,Kazm,,,,0,0,0,Phaze Ventures,36a58e3f-5702-4a9c-b2b8-f6eda7eef311,Kazm
2021,69f97398-0299-489d-ac32-4c67643892b9,CAMPVS,,,,0,0,0,Jon Gosier,18303b89-2fad-7908-3508-9a0572f9d600,CAMPVS
2021,a7296153-2f67-40f2-bb10-01c60e771747,Scale My Publication,,,65000.0,0,0,0,Michael Peres,a531a2a2-e45e-4c9c-ae54-d5f34e8e3d09,Scale My Publication
2021,59912671-a185-40d6-b0a2-45bec2247ead,unPlatforms,,,240000.0,0,0,0,"Ajay Ganipisetty, Michael Mezzatesta, Mrinal Pareek, Paul Griffith, Pushyami Garimidi, Ranjith Chinni, Sandeep Meka, Satish Edhara, Shaik Novrojuddin, Venu Ganipisetti","6634304c-ee29-4f16-a595-222e9ef05232, d0cce6cc-fe03-4468-8166-f7b61f7f387f, 60c4d9dc-b9b3-497a-aa50-1b94865d8414, 9efef3fd-a77f-4616-aed8-ad6f7442f2bc, 960b9aeb-911c-465b-ad75-710e3287ae99, 8b27d341-84f3-4d30-9384-e565992a4961, 93eed238-78a2-47e7-871d-9fab1dc9bf4f, e49bfdac-9da9-4d51-badc-57c7146c1b37, 9aece575-3aa1-441c-b9b1-71b90bade8d7, 1de2e240-c0b5-44bc-b4e1-51b0e7fae1a2",unPlatforms
2021,0f77f160-cf7f-421d-88ab-9bd9862ff18a,"Venvee, Inc.",,,2560000.0,0,0,0,Kickstart,f2f2777b-de97-de3e-74b1-ba42c751ed2d,"Venvee, Inc."
2021,39bf54dd-a097-4f61-9462-3e951994227e,ReAlpha,,,1000000.0,0,0,0,Colle Capital Partners,35f984cd-b215-ad75-b307-14b2f30b7ba3,ReAlpha
2021,a2cd9011-ac3d-4b37-b1d5-a73ab876fd92,Knock,,,18000000.0,0,0,0,Afore Capital,acddc982-f23b-b2c6-6025-3e9efbfd6ed4,Knock
2021,886adf3a-7342-4e25-b175-de1dda5550b4,Chainforest,,,,0,0,0,Circle Ventures,d73cb521-e107-4b8a-826d-acfad65c5201,Chainforest
2021,f302edfd-cae2-4bfb-a039-ee8a807f74d3,With Vibe,,,,0,0,0,Liquid 2 Ventures,5ce64378-cb2d-266f-5719-0cd08e9a0063,With Vibe
2021,268d7a0f-7426-4151-83ca-9bb0f534fbd9,geCKo Materials,,,,0,0,0,Shane Neman,907913de-9233-9bd7-a4bf-cfa4f45cc52b,geCKo Materials
2021,3e251d42-8eac-49e5-80d7-54904dfafe24,MOORvision Technologies,,,400000.0,0,0,0,"Metta World Peace, Renee Montgomery","25e8ec85-1266-4a70-8ade-af9ae744fa10, 887b5ae4-4a6a-40a4-b07f-aeb9adefd503",MOORvision Technologies
2021,88c6c9b2-a0bf-4ccc-948e-6d5875994867,Osprey Ventures,,,600000.0,0,0,0,Joseph Darling,dd3e2c04-1087-4ef8-9b04-cecc3fcccf54,Osprey Ventures
2021,ade42df2-0d15-4a4c-aafb-d0dfa2cab6be,Supergrain,,,6800000.0,0,0,0,"Benchmark, Operator Collective","fe2d1e8b-f607-3c9f-fad7-98fb8412f77e, d07de277-455b-45f2-8c2d-95d9f2ed3f0b",Supergrain
2022,ad85da3c-5ca5-47ad-9949-ad2a7c9669bf,Sohal LLC,,,,0,0,0,Union Kitchen,34f24c65-83ad-4910-9d13-207eadef3ec5,Sohal LLC
2022,22a2e854-3c84-4ee6-b2fb-5783968cba85,Remedy Tech,,,,0,0,0,LvlUp Ventures,6e7b9c28-3b38-4a21-a2bc-ed74dabadb25,Remedy Tech
2022,0bad58cc-fc36-4c80-a715-a6ba21d18942,Revyz,,,,0,0,0,"Atlassian Ventures, Druva","46b2c7fd-6780-43fd-aa2e-023634994755, cd8b11c1-7833-be7a-8c50-2053b2416d4b",Revyz
2022,bb877ff8-ec04-4998-9ce2-0c4535bc589c,Proofs,,,2574234.0,0,0,0,"Bek Ventures, Expeditions Fund, Jens Lapinski, Nick Davidov, Piotr Karwatka, RTP Global, Robin Haak, Step Function Ventures, Tomasz Karwatka","46ab8351-fff8-474d-b924-a0301e4c0ada, da7d75cc-ff22-4c61-9604-807ba1db127c, 4c16c92a-9539-0324-d51d-5bed0904538c, 9f902ee9-255c-b01a-1e59-1217f088152f, e0c10afe-32fc-441a-86da-7a9c58d351c1, 2d86b0fe-8e61-7ce4-caf6-23a3d71c209e, a0510be3-9f82-f52e-baf3-6b14e0442e79, 71d00c8b-3009-4d9d-b673-1469d47505ee, 51d6f6e1-18ec-cab0-568f-c1f737f6c2c3",Proofs
2022,b1777980-ba25-4748-a8ad-8ba3d86a604c,Soul Space,,,180000.0,0,0,0,Antler,00daca16-8311-454b-84e0-24a40d16be9c,Soul Space
2022,216615c1-8833-4881-bd98-872426e70a05,Bitpart AI,,,6870000.0,0,0,0,"Crane Venture Partners, LVP, TIRTA Ventures","40c026fc-3253-a1b6-7333-4e7e58102d4f, 14474ae7-b6a1-a0a8-e2ea-f117cd1deed7, 3607b141-79d2-47e1-b749-8236a379f341",Bitpart AI
2022,2c22a523-2c4e-4e6f-b263-9c5537231210,Breaking,,,10500000.0,0,0,0,"Animal Capital, Builders VC, Carnrite Ventures, Climate Capital, Colossal Biosciences","289a3dae-5f5f-434a-b36f-828a03e61214, 5c30c6a8-9a32-f5da-e65d-09c5b02c78b7, 7123cedf-f85f-47c5-9459-3308a45fac9a, 1e647107-37af-4d5c-882a-5e6febb683dc, 9d5397e0-e01d-4fb4-be86-5f24b72bf07b",Breaking
2022,8db4712b-36c8-4430-8031-2725529bff67,Jones,,,5104975.0,0,0,0,"Founder Collective, NextView Ventures","6b43c7ec-5898-0866-af46-494775acb00f, 386eb9bc-d8ae-2537-b5bd-534f14520ff3",Jones
2022,15dedac8-ef39-4390-9730-31c5ed75bfe9,QAI - in stealth,,,5000000.0,0,0,0,Ibex Venture Partners,4cc0ff04-f4cf-4408-b6c8-91c45bac95b5,QAI - in stealth
2022,d6468084-1510-46e9-9aee-52a0ba393fb6,Future Trash,,,9904999.0,0,0,0,"General Catalyst, TIRTA Ventures","34a9bb66-0984-8de0-e7fb-13e976b4a135, 3607b141-79d2-47e1-b749-8236a379f341",Future Trash
2022,693b8a9d-6f56-4cea-890f-31adf47b2151,Kosh,,,,0,0,0,"First Cheque, Sunn91 Ventures","172e0acd-ee59-4f01-846a-ba3e5b3c0733, d2c1f1c1-9af0-4dd0-88b1-0487ea830904",Kosh
2022,2622c6d3-684b-4a49-9fc8-cd394c5403bc,Daimon Labs,,,,0,0,0,Zero Prime Ventures,1cc65a00-0f73-4eab-9b4e-76785a54a284,Daimon Labs
2022,1c7901e5-afb8-4713-8efb-8d6df0bbcc78,Fastbreak.ai,,,5200000.0,0,0,0,"Alison Lee, Charlotte Fund, Firsthand.vc, GTMfund, Gordon Hayward, Gregory Walter Olsen, Greycroft, Kelvin Beachum Jr., Kurt Shun Kitayama, Larry Fitzgerald, Luke Kuechly, NBA Equity, Whitley David Merrifield","5644cf46-ff77-46c6-bbd9-ecdf361ea93f, 442ab39a-54f2-48f8-b9f1-c25511c6ac61, c1b551d4-0342-4bf1-b4bc-0b49834331d8, ae001fa5-675a-4b36-a395-8c92385afb8c, 913b0275-dd1c-426c-b2b3-af602fdc20be, cb500d81-631d-4d14-82b5-c80361b426c8, 9dd7066b-069a-9dd9-c211-06db31253bd0, 76638271-f6de-426f-a616-206496f67475, dab26878-0609-4792-85bb-c6474a73e80a, 4a2ac219-bb63-472e-9e42-9b9890f0598b, a87e8478-a6c2-451a-ba54-f03763107a11, edab334b-31f0-4192-a15a-3448e5a36bd1, 1cf4b46b-2095-4b5f-b950-a21af235b153",Fastbreak.ai
2022,c8d01177-5759-4f88-8ede-273865bbc690,Phi,,,2000000.0,0,0,0,"Anthony Sassano, Chapter One Ventures, Chris Dixon, Cyber, David Hoffman, Decima Fund, Delphi Ventures, GBV Capital, Incubate Fund, Marc Andreessen, Mask Network, Neoclassic Capital, Next Web Capital, PAKA Capital, Polygon Ventures, Ryan Sean Adams, Stani Kulechov","39e7db18-b04d-410e-88cc-ac7aed7d1634, 7dc0cc67-f476-0aaf-00aa-2e993626a6cd, d2f0fb7c-eb4c-2f47-3d13-497a07856796, 35b85a8f-da6f-440b-8519-740a42ccb141, 54f7a28b-0595-4860-94ca-769c23970a72, 28bc69ec-677a-481d-b285-e05094a84bf1, 4b35870a-c9d3-411c-b32d-26771df93169, 36287ddc-b3fa-4bbf-8e3f-1caf0ce99d8d, 288523db-6983-c380-6431-c63412686e3b, 3ba9203f-c79b-3166-2183-c1d690f00bcb, be05883e-a4f6-4c14-8692-55714e7d293e, 447f425a-9e38-433b-ae3f-c2eea2cd7c77, c5a7d9d9-8bb4-44ad-a97a-382f37b191a9, f5e47236-691e-48b3-abac-f7de69c344d8, d52ac3c6-6a65-489c-a31c-e2c998b1591a, 73759b39-bfbb-4e5d-8ac1-e09b690eaa2c, 4c8bd581-aaf4-605e-b5ba-63ef2bb62cd8",Phi
2022,5084fa57-8afb-41c2-8f50-cd1761ea5930,Jackson McCrea Whiskey,,,,0,0,0,Distill Ventures,89f8ed34-bf55-6a61-191f-e984aa0acc60,Jackson McCrea Whiskey
2022,77751b3b-e74c-4a7f-ac5d-d041b4ab686e,Dispersion Capital,,,,0,0,0,Circle Ventures,d73cb521-e107-4b8a-826d-acfad65c5201,Dispersion Capital
2022,4ea626df-561a-4b55-855e-6b46ff5817c7,Members.Land,,,,0,0,0,"UpHonest Capital, Y Combinator","40e3b902-7127-3d71-b67b-ec4a2207afe3, 73633ee4-ea65-2967-6c5d-9b5fec7d2d5e",Members.Land
2022,fe39c4e4-8458-4618-a2d8-38de493250f8,Builders&Doers,,,50000.0,0,0,0,Acceleration Driven,f563e1cd-92fa-42d6-9c02-0e075d5871be,Builders&Doers
2022,9dcdfba4-b149-4b5a-ba0b-1d1d36be0923,Bongo Software,,,228000.0,0,0,0,Startup School,036986cf-6349-65f9-b591-dc4f04db3b97,Bongo Software
2022,2f2dad18-70c1-4a5b-bc31-f1320528d44d,Bayou Energy,,,1200000.0,0,0,0,"CoFound Partners, Leap Forward Ventures, Stepchange Ventures, Surface Ventures, Very Serious Ventures","13cd03ce-75f6-4430-99fc-a95486ede80f, 25174827-3da4-46af-869e-add40ce23075, 4742486f-36ee-4277-8e17-c320ab99c977, de3194bb-0d95-4c29-9829-394ecd388369, 585b381b-7fde-486f-be98-ef67f513ca45",Bayou Energy
2022,c5aac12c-c595-41e3-9237-c980c5e1f995,Cosmology,,,5000000.0,0,0,0,"Chorus One, Cogitent Ventures, Dispersion Capital, Ethan Beard, Forbole Ventures, Galileo, HFO, HashKey Capital, Informal Systems, Kevin Lin, Leland Lee, Lemniscap, Osmosis Foundation, Reverie, Tuesday Capital, Virtual Bug, Zaki Manian","982cfc77-67e0-42b0-a568-a673cd510855, 2118d3fa-01f3-4cb5-91cb-a297eafcabdf, 77751b3b-e74c-4a7f-ac5d-d041b4ab686e, 54bfb44f-ec71-bc44-1e8a-bb1f5ab90ed7, a386228f-98cd-44a0-817d-b7acd8bfb0cd, 32b5ab21-3723-4054-95e3-8c79fcb206f7, 808b7bc8-d8ea-46d7-b851-2d850368a7c0, 6d06c9c2-d26e-4dd9-bc16-a93b00f59c60, f3ca6a53-eb34-4d36-a5d4-6a6b550df648, 5ab0b475-7d0b-0dba-f640-4e6ddae15101, 1f790f33-97be-4794-9bd7-c59bfcb1ed94, e7b294da-48ef-4c99-8aa1-5de72fcf77d6, 07cc76b1-18dd-48e8-9c36-eaeb79d590e6, e1d736eb-1bc3-457f-bc3b-72f9269141ce, d53f379c-7f9c-4b4e-af5b-f09b2d64f88e, ecb26b84-e071-438d-9728-4567afe0a914, 56931f23-51b2-b94c-9816-4a56d8c4d766",Cosmology
2022,7baf2291-2d18-44b3-bbd6-413698093e02,Higgsfield,,,8000000.0,0,0,0,"AAL VC, Abhay Parasnis, Alpha Intelligence Capital, Amar Hanspal, BITKRAFT Ventures, Charge Ventures, DVC, Flyer One Ventures, Henry Shi, Ilya Gelfenbeyn, Ilya Sedoshkin, Jack Brody, K5 Global, Menlo Ventures, Nima Khajehnouri, Zero Prime Ventures","36cf505f-47c5-4393-b6d8-84b0f53a997a, 0ee538e1-e0e4-a3c2-2d01-b76423a7e674, 3da4dab0-5f65-49d6-ae39-ec3eac00c38b, ea8c9509-b6ac-1eb7-3df7-b674de2f861a, c7ca7ab1-a82f-9736-8140-c53ba04b034c, 112d0d7a-27c1-94f7-68ca-2ec798a959e5, 5aac97cf-82e1-4e9c-bc64-1a3569e692c4, aced11a8-ab2d-45a2-9bf9-58348e85aaa3, 0ae71fae-869e-1e65-f859-f65239e70de5, 702bfe64-6b83-4e90-0cfa-1118ad099905, e29a2e64-1969-47a5-898a-40d137faa5e9, d2fc5d96-7cb0-4cda-a4fe-cabdef6241ba, a8478414-38c1-4084-a2a3-4074f6feae95, a34c63f0-c277-3e4b-bbfc-1868ca81596d, 5f524c4c-4997-7f36-01df-838b63790fbe, 1cc65a00-0f73-4eab-9b4e-76785a54a284",Higgsfield
2022,c61cfd85-2327-4c49-ba22-6e634ef3e58d,Axel,,,,0,0,0,Circle Ventures,d73cb521-e107-4b8a-826d-acfad65c5201,Axel
2022,ea80215c-6acc-4242-84bf-b9a20c35bc33,Maayon Inc.,,,,0,0,0,Unshackled Ventures,70c82573-5401-4fa9-d2f0-53652c7a2d74,Maayon Inc.
2022,bae9f792-7076-4750-bdfa-653f9dbc4836,Beaker DAO,,,,0,0,0,NxGen.xyz,dd2f5008-f9ad-4965-ba08-4301f993a30a,Beaker DAO
2022,36e10594-5e18-48b0-8b8e-e8f22360e0ab,Darkbright Studios,,,6000000.0,0,0,0,"Anthos Capital, BITKRAFT Ventures, Caballeros Capital, Gam3Girl Ventures, King River Capital, Offchain Labs, Play Ventures, RockawayX, Zentry","4e9cd3ef-0ef1-73e3-737e-68ad15705779, c7ca7ab1-a82f-9736-8140-c53ba04b034c, b2343318-76d9-4b26-9026-eef1193b2689, 641ce37a-702c-4b5f-8e44-e2db7f44f94d, f1f04a2e-9637-f516-e28f-37b05ad1b903, 94cad6aa-59a6-4c28-b9af-fef02829c677, 2c49697d-e62c-4399-8964-49580f2065a9, 571c25cf-5cfe-4a87-8f6d-e4f304845434, 7a7bd4a0-b54a-4581-8d69-5043899d0eb1",Darkbright Studios
2022,5bed1e6a-cf97-49b9-800f-0872677eb20e,Astria,,,18000000.0,0,0,0,"1kx, Delphi Ventures, Figment Capital, Maven 11 Capital","1bea9fcb-cea8-4c0b-8c56-51ce678e7afc, bdd6b7d4-9846-d4e2-29d7-7e5acf17c034, e09bf5e3-06be-4dd9-ad1e-5b7e1a821931, 68e181a5-29e7-4351-b306-3f4de252b434",Astria
2022,72981902-b602-418c-923c-5dacd1b4550a,Dymium,,,7000000.0,0,0,0,Two Bear Capital,95a01eeb-1971-480d-8d86-fa7cbf2de4aa,Dymium
2022,3d23ab5d-f4b9-4e8a-bd6a-094fd0de2b93,LeakSignal,,,1600000.0,0,0,0,"Blu Venture Investors, Cyber Mentor Fund, Shasta Ventures, TFX Capital, Tokyo Black, Vela Partners","98ca74ba-00a3-a00e-ffac-09c5304af6ae, 54ca4754-80db-4f0f-a050-33687f832e0c, db9a455c-d51e-350a-d402-87bd0b1d46a5, dd3d0f75-7996-4f84-985d-3ba6bd362d71, 7490c6a7-aafa-4efe-861a-e7485d9bf600, 9d4021da-c5ad-3368-dd0f-1e23469062b8",LeakSignal
2022,8b55ac1c-f48d-4cea-992d-771d09dd80e3,Kusari,,,8075000.0,0,0,0,"Glasswing Ventures, J2 Ventures, Unusual Ventures","71821b74-2d23-90f8-a071-b874a0e11982, de497539-7934-4715-82f0-b1fc4b757518, adc3106c-d982-41b9-92a5-2e5e4b6e8e7f",Kusari
2022,5c09c191-4517-4b1a-a53e-d18f5434b9c4,Aikido Technologies,,,4000000.0,0,0,0,"Anthropocene Ventures, Azolla Ventures, Cisco Foundation, Propeller, Sabancı Climate Ventures","7af62f83-e4b6-4717-9f3b-f97ceee51d4d, d90aa6b4-a9cc-4cf4-8d59-c16c1117b8a8, 8cd498d0-e82a-4b89-a79e-af9dcff891c1, acb1b099-3bb2-4054-9b4c-48582c0f0819, 731e0ae6-552c-4d63-8a80-3fc837b60cc9",Aikido Technologies
2022,b948f8a5-ca7c-420d-a181-482e31148b96,Astrica,,,,0,0,0,Momentum Equity Partners,2d1a5154-cde2-86fa-c0de-6b17e0d8c84d,Astrica
2022,ea93b97f-9009-43a9-b0f9-58cb6dbdb76e,Athena Intelligence,,,,0,0,0,Village Global,dc7fc343-2884-5489-8127-9e3ed9f88349,Athena Intelligence
2022,97b9c24c-ebc6-412e-a7a8-0d44ecdbfe70,Serac Ventures,,,,0,0,0,Daraja Capital,f980a6e3-d5a0-8c63-deac-d5e36fd70311,Serac Ventures
2022,1782b5b7-caae-4ea6-8452-30deb2455e9e,Shepherdly,,,500000.0,0,0,0,Accomplice,1316d39d-2b00-a0d6-8982-d1bda3787fcc,Shepherdly
2022,cde16434-2ba8-43d9-9837-c6a6190ae7fc,Live Aware Labs,,,4800000.0,0,0,0,"A16Z GAMES Speedrun, Brendan Mulligan, Brian Vesce, Chacko Sonny, Curt Bererton, Eden Chen, Lifelike Capital, Luis Villegas, Michael Evans, Patrick Wyatt, Seth Sivak, Todd Hooper, Transcend Fund","18054086-14aa-4898-8777-2b17123e6518, a153b395-e76a-43ce-9f24-2d9ec61368bc, 05e87f0d-7fe9-48a0-8ada-08f7fb1119a6, d284c7d8-e2e8-41c6-a786-99a910b7e203, 0feb3135-478a-20cb-b71d-3224136c15b8, 02ae8399-8beb-f458-145a-74bc1a46db47, c6a0e716-f89a-4286-b327-9a43f953a191, 83f05bc2-c611-4179-ac80-3e33a26ffc1b, 74b2a26f-848d-4f92-a115-74a38be3b74b, db9667cc-e694-9f37-a563-e5bdcf3f7abf, 8cf50d26-f69a-1097-0727-b792db7f0bce, 18ad99f1-50a7-ad43-aece-3f0901a0dd7a, b6474bd8-cd07-4999-b46b-e63b5938fe5e",Live Aware Labs
2022,efe0ea28-b1ad-4d9f-8b41-d4d7ce098de2,sixc,,,125000.0,0,0,0,Neo,f6b44cee-4bf4-6fbc-8010-8e63b1f89c31,sixc
2022,a647fde7-a107-4b74-8396-58006e3cfaa9,Beagle Network,,,1000000.0,0,0,0,"Chicago Booth Angels, Koc GSYF VC, StartupIst VC","a1335e35-ed40-c044-1f09-4602755fbefd, 95a404b3-528c-4c37-95ac-d5559c98dbc2, fa546139-08ed-4d2f-a1d9-8812e13bdc76",Beagle Network
2022,d9923415-360f-474a-8c1a-c80388e39371,p0,,,6500000.0,0,0,0,"Alchemy Ventures, Lightspeed Venture Partners","4d9850ac-ca28-b382-af43-a4277c85fb87, d5df3873-7871-c608-0284-c74d0b555ccd",p0
2022,22755b06-eee6-4b18-a11c-df1024a4e036,Holonym,,,5500000.0,0,0,0,"Arrington Capital, Draper Dragon, Finality Capital Partners, Founderheads,, Fusion Fund, Lightshift Capital, Paper Ventures, Paul Taylor, Protagonist, Selini Capital, Spaceship, Zero DAO, Zero Knowledge","ff7269dd-dc3f-4ddd-9455-81c530239858, 234e1ba1-df6b-4234-8dc6-8ff8c3c7c2f6, 25e24ee3-7663-4112-b521-3b7dbd922741, f5dcc5db-2d95-49ef-8e51-35dfaf52a12a, 71bc9eb7-fbf8-4280-af39-ffd46f42f985, 8f2d47fd-545b-4544-b135-c1dc76b10c56, 27511dd4-f1b4-488c-86ce-f7a15dd6fec3, 83e66dc5-a8ac-4491-a831-2be95d3ed9e9, f8527641-abd1-4253-828e-e0d659b627b9, ae35f733-b111-4003-b97c-0f98ae168317, 7369d6b3-65b1-445f-83b8-30ea829ce4a1, 1f1282ca-4732-4cea-a6df-d5e22e456dd2, 796a9a72-835c-420c-8710-8da448730b39",Holonym
2022,1425d7a0-25b3-4937-8305-fe32c2b5fcec,VenturePunk,,,1500000.0,0,0,0,"Bain Capital Crypto, ConsenSys Mesh, NxGen.xyz, Polygon Ventures","6cba771c-1d7d-46ec-850b-9d10076333a6, 630b4856-d1e5-4c57-8585-f379b78670ee, dd2f5008-f9ad-4965-ba08-4301f993a30a, d52ac3c6-6a65-489c-a31c-e2c998b1591a",VenturePunk
2022,d57480a0-2656-4337-a77e-fcde51312867,Hyperglade,,,350000.0,0,0,0,Draper Associates,3ca5eb2f-0eed-a808-2354-12c35d397743,Hyperglade
2022,35a2a8bf-a108-4f3a-848d-3dd8997bb5b1,Data Validator,,,4000000.0,0,0,0,Anton Vasiliev,c27c6303-53f2-48aa-a5fd-06ac3d21376b,Data Validator
2022,463df357-0a4a-4dc0-a2c2-73e344d7c088,Engi,,,,0,0,0,Eniac Ventures,a37476b4-7632-a500-c471-1e71b40ac47b,Engi
2022,f762865f-f45e-41b4-afdd-9e79db41e8ca,Innvest FInances,,,3220.0,0,0,0,Aim Capital (Earlier Aentor Finances),50012bc3-3f8f-4d8d-a47e-53156ade80db,Innvest FInances
2022,dae7f1da-57f0-4504-9d7c-01f6ffde13d2,BitMoney,,,320000.0,0,0,0,"Bashar Hamood, FasterCapital, Hesham Zreik","67d7b771-7720-8d6a-127a-2bf3ac0dbac6, d7726d53-a989-310b-5033-52d48e7822b6, bb902061-1366-30d9-5ba2-566f5edf065c",BitMoney
2022,47bc6a82-44ac-444f-8695-ac55fde07529,Occosoft LLC,,,330000.0,0,0,0,"Techstars, Y Combinator","3718597a-dd39-6661-3630-09cdd43bcac2, 73633ee4-ea65-2967-6c5d-9b5fec7d2d5e",Occosoft LLC
2022,6a0ca7e5-3ba4-498d-a6ca-a3c52113f1f7,Wellen,,,1700000.0,0,0,0,"Dream Machine, Long Journey Ventures, Village Global","c1d3f8a4-61f8-4337-8f3c-5b9e97f78510, 1dfa9c3e-0120-4936-8efe-6c51ffab1f49, dc7fc343-2884-5489-8127-9e3ed9f88349",Wellen
2023,5356bffd-c8e5-4d2c-af3d-53dd4a3e1a11,Moneta Health,,,,0,0,0,BKR Capital,e2760051-759f-4aae-aceb-f8713fefa552,Moneta Health
2023,b592eeb3-4052-4457-9290-31f547784183,Parakeet Financial,,,,0,0,0,Beta Boom,203ce23b-3fd7-4a4a-b39b-75846e3d3d2a,Parakeet Financial
2023,561a33f8-536d-4d46-b99c-7384aade8e9d,Spara,,,,0,0,0,FJ Labs,20242b76-1950-6156-2811-f7171fc99de8,Spara
2023,3cdd1b49-2463-403f-aec8-b8b7afcd9003,Spot Runner AI,,,250000.0,0,0,0,Tech Holding,118087cf-dcb0-4120-9ac6-b569237fbda6,Spot Runner AI
2023,21295f2b-2677-4657-b47b-300c6adac37d,DataMotto,,,25000.0,0,0,0,LAUNCH,2d296802-0ac2-3ee5-5d07-4e9383655a72,DataMotto
2023,27f540db-b6ea-469b-a9ac-3321974466b8,WinBat,,,5000000.0,0,0,0,Infinite Power Systems,fa0ae9ab-a9a2-472d-9c4f-dc5819a027bb,WinBat
2023,ce0518ee-5024-4726-9b4c-6323106fe8df,Fijoya,,,8300000.0,0,0,0,Team8,192acc26-46d6-5961-2a18-2ec462242091,Fijoya
2023,71fdc439-fd32-49a3-abbf-9959fcc61b21,Cartwheel,,,5600000.0,0,0,0,"Accel, Akshay Kothari, Amjad Masad, Correlation Ventures, Drew Houston, Heretic Ventures, Human Ventures, Khosla Ventures, Kyle Parrish, MVP Ventures, Pelion Venture Partners","b08efc27-da40-505a-6f9d-c9e14247bf36, 7c4ae7bf-fe44-2bb4-c2f8-316c64e37581, 6af8fefa-4288-04e0-91ba-b0f4c6227e7f, 8866fad8-f339-97ff-f34b-eed98d43a2f0, 02325cea-62bc-596d-79d8-364541003bef, 940d41e4-57f4-4c94-941b-3f1d6180e78e, 56765be2-a789-8a83-1166-919cbe695d2e, fe5a4983-a46a-2fc2-5633-e35e0a86b694, 69fa0604-1ce6-4774-b9cc-f8bc03483554, fbcf1c8c-cb1e-4f27-857a-59cf662c6905, 76c506a0-a56e-2f7b-9c15-2c4740ca51e1",Cartwheel
2023,8a825177-0e9b-429d-adf6-5103d24dec2d,Cassidy,,,3650000.0,0,0,0,"Comma Capital, Erik Goldman, Jason Dorfman, Neo, Ride Ventures, Spacecadet Ventures, The General Partnership, Zachary Sims","56fc7128-45f5-40f1-8316-3b60ac82a515, fb27e638-ee4d-47dd-bf04-1e448f5ff098, 3a0453b0-e592-48c7-84e7-282ab21bb0ae, f6b44cee-4bf4-6fbc-8010-8e63b1f89c31, 49814d0a-bbb7-941f-7628-ae8575dc7704, 2e503654-6709-439f-9765-658ebef8aa9e, 9770d5cc-1323-4a7c-84de-22a9935d6f14, be8cd9d4-f8be-329f-be72-25cbacb09810",Cassidy
2023,61a59b98-43ea-46f5-ba1d-f0a8936a7fa4,Acai Travel,,,6500000.0,0,0,0,"Draper B1, Nauta Capital, One Travel Ventures","f382e680-0953-445e-bb8a-51c204eadc55, 7ca61676-77aa-0603-87f8-8068e06ca174, 39cfbf13-8db4-4e24-ab94-cce9ac39c3f7",Acai Travel
2023,f25cce69-6126-42ca-86fe-9b770cdab22a,FinOpsly,,,1920000.0,0,0,0,Hyde Park Venture Partners,799a9b81-1ded-37a7-7c78-b67a25246d39,FinOpsly
2023,07348943-ef7f-427b-8d16-f33c913de560,Digital Site Box,,,865000.0,0,0,0,Founderville.VC,88239c7d-b831-44d2-833c-b3ba64038864,Digital Site Box
2023,9cfa9836-c43d-40e4-a00a-fd6365c9729b,Tomo,,,3500000.0,0,0,0,"ConsenSys, HTX Ventures, KuCoin Ventures, Nomad Capital, OKX Ventures, Polychain, Story Protocol, Symbolic Capital, dao5","d17e4f27-d1aa-821e-dd0b-1a456dd678e6, a037e3d9-abcf-4e5c-96c4-67fc4cb1c627, ae172858-f8ad-479c-ba99-44a23586cd11, 3740bb5e-d46b-4353-ada9-9ceb34445d8c, 29715599-a745-4199-abb6-bbd2e8387894, b77dec60-40b6-6ae7-68d6-8286a75e8dfd, 8c7220bb-c5be-44af-ad19-1d196c51375f, da25de39-86d0-4504-998a-fab6f715cf2a, 3fb216b9-cf8c-4af3-b370-671ed0ca1f42",Tomo
2023,9cb0c73b-c10e-4cca-a218-0c4b78ad0951,Cold,,,2650000.0,0,0,0,"Archie C. Black, Better Ventures, Michael Francis, York IE","7c6f5bc2-6504-ddc9-9204-e90bc1501772, f1f4a59a-c901-7819-10e1-65f8e03b95d9, 8380c717-fbb4-4a4e-af48-7847a463ab1a, 268ae789-490b-4b9b-8e07-07758f008695",Cold
2023,e41001b8-196b-4da8-9c8d-4ccd51cda7de,InCharge One,,,450000.0,0,0,0,"500 Global, ZAS Ventures","56e40f50-97c7-2a77-255d-1d97d5f30646, ddce7c1f-c7ff-4860-bafb-7dd4a1b04a88",InCharge One
2023,bc7acce0-8134-4234-84a3-c3b3cef63eee,Writ,,,3800000.0,0,0,0,"Defy.vc, Gradient, High Alpha, Toba Capital","84830ed2-8395-02bf-33f8-bceea26cdbec, b344a285-cf12-93d7-d669-857ab75be00e, 3339ae17-7fd2-0900-247f-7ddb2f4d10ff, 3f6ae2d7-f641-74dd-23f5-81413660fa29",Writ
2023,77289bdd-ca15-499d-a8af-a9acf9a4772f,Marathon Fusion,,,6900000.0,0,0,0,"1517 Fund, Anglo American, Malcolm Handley, Shared Future Fund, Übermorgen Ventures","96712e17-5941-6c09-3124-176e08daa746, 9c7225e8-6b5c-df1a-7924-72a917ad48cb, c1c29c52-57f2-ccfa-f9b3-548ea831400e, 45097a8d-7e33-4c92-9829-2115af23dd7f, 560aecaa-e753-4a6f-b5a0-d22ac018b94f",Marathon Fusion
2023,89914843-3d45-4aef-b417-cb00a79eb4f6,Zoë Foundry,,,5000000.0,0,0,0,"Principal Financial Group, Reinsurance Group Of America","82f9cda0-bec2-957a-25e9-2b9bbbd279b6, a3a668e9-bef9-3826-78d8-7732bd59f5d1",Zoë Foundry
2023,362ec574-7679-4f1e-ac09-57e8039be03b,Hope Records,,,,0,0,0,Bias Capital,9e98cecc-f286-4a47-942d-7ee3dcda86a0,Hope Records
2023,c18001f2-7a3a-430e-8209-bce48880badc,Silkline,,,,0,0,0,"JAD Capital, Tenzing.vc","9b067ef9-8207-4dc4-a7eb-e51861579108, d2ddb25c-97cf-456d-af16-ae32fa757b10",Silkline
2023,7a40f2f2-9b00-45ba-a7cb-164b3df8e1d0,CS Family Office,,,,0,0,0,Q Game,ddd76db4-17dc-44f1-9039-63fda9b4a797,CS Family Office
2023,755052da-1eb0-417a-babb-e61c96d87b81,Glyf,,,,0,0,0,Andreessen Horowitz,ce91bad7-b6d8-e56e-0f45-4763c6c5ca29,Glyf
2023,a3bf5611-1298-47ab-a851-9369f124803b,Truco,,,,0,0,0,"AIX Ventures, Team Ignite Ventures","6ace4dd8-a418-40d0-b24f-2f63e2f5d83b, ff074477-10b3-4a1a-b721-f31d22d66b6f",Truco
2023,8b90c8ff-e9b7-4135-8d65-70383e4969f1,Colega AI,,,,0,0,0,SparkLabs Group,903e8b77-1f97-4921-8e81-9b88d5219df3,Colega AI
2023,9c519f20-9cea-452f-a67d-365320d8c12a,Faura,,,500000.0,0,0,0,"Dorm Room Fund, Honors Fund, MetaProp, Responsibly Ventures","8a9a8a9b-879b-6da9-4269-d3366371e141, 5401a765-90cc-4ca3-af6b-c709d0053055, bb48b54a-516d-6b34-6cfe-73beeb288984, ecd19178-6a0d-489c-827c-2d5dccceefcd",Faura
2023,6e8b3411-8851-4983-910f-f57bf431990e,Validated,,,1820000.0,0,0,0,"Austen Allred, Charles Cushing, Expansion Venture Capital, J Ventures, Jamie Kopp, Keji Xie, Max Berman, Neo, Parteek Saran, Saurabh Sharma, SaxeCap, Scott Banister","bc5963bf-4975-6486-f444-3ea0bcbd1839, 07458fb9-a88d-4a69-acda-ec3418c5da83, f2332abf-15c1-0213-9059-cc9714166bc7, ac3cacf9-284a-4313-bd61-8a3defa858c5, 885208a2-0ba9-4af7-b658-bcce990a8791, daa77605-9406-414e-98a4-6b4a146ed812, 12bd8158-ac83-4bd9-873a-dcfd65dcc173, f6b44cee-4bf4-6fbc-8010-8e63b1f89c31, 390f456c-c2e0-4440-a71f-7223d6768603, 6d1a3625-05ae-4eae-ae4b-605dd6668cf5, 716bf2d9-bc79-4fdc-8103-33d622b18310, 69ba8866-c721-28e3-8b53-d10d81cece26",Validated
2023,e1c59095-6682-48a9-a040-98b6b156ad4c,Kiosk,,,10000000.0,0,0,0,"Electric Capital, Union Square Ventures, Variant, a16z crypto","c1630786-1aa1-458d-a93e-1a63f5dbc81f, b5d0d7dd-cfc2-4c56-9ed4-847db73f8cee, 9730e02a-2f1c-4d20-8d71-8f4de9a49ecc, 063bf170-ddb2-4041-8068-409fab18d502",Kiosk
2023,aa99c8b5-9326-4bf8-a9bf-6eac6da162ef,Today,,,5000000.0,0,0,0,"32bit Ventures, Big Brain Holdings, Builder Capital, Collab+Currency, Compute Ventures, Dingaling ‏‏‎ ‎‏‏‎ ‎, GSR, LIF, Metavest Capital, Sfermion, Spirit Dao, Tommy Tran","b81cd6df-ad4f-4d38-a39b-b13b2a6d9e1f, c5eaf51b-86bf-4de3-ba68-7eb8edfc6642, 9eb7646d-43e7-4c7d-99c7-dbdef5f3351a, 6ab09807-a483-47ae-97fe-633b044e7747, 7a9232a9-b8c1-4739-9533-d3d3817e5924, 0ddebeb5-526d-499a-9419-fa68ec9e6bcd, 4af42e7f-f8b6-4511-8b43-555fe2cdec55, 9fda2e64-d5fe-4da9-b693-4ce695be0d01, 29729c18-0787-474a-bfe4-8ee7c4c7edaa, 7cd5d238-19cb-43ea-8d7e-bf2a25653622, 54f36c07-334f-4daa-98bd-84fe150a92fe, 76ae953e-7c3c-4239-8c8a-a39b2c104a61",Today
2023,cb21616a-c5b7-40bc-a45c-a0bbc9116da4,ReXLytics,,,650000.0,0,0,0,"IVO Networks, Microsoft","0876456d-7a00-49ee-a9e0-2b6154bd6cd0, fd80725f-53fc-7009-9878-aeecf1e9ffbb",ReXLytics
2023,667ef6ef-89f5-451f-aff9-39264e731237,KiraGen Bio,,,,0,0,0,2048 Ventures,f187a10f-cf31-4aa9-8cb1-1ee018e8f96f,KiraGen Bio
2023,78646a8a-e0be-4bee-82ee-32ecb0b4acfe,homerenu,,,,0,0,0,REHAU New Ventures,26ab83db-73e8-43b3-bb8d-775b04d3b292,homerenu
2023,59f6f970-d9e0-4bae-a3f5-694f0ec976d6,ProdOps AI,,,,0,0,0,Boot64 Ventures,840037b2-741a-452d-8f9b-11614aaadd55,ProdOps AI
2023,902a5b97-3f0d-437e-b84e-4a2dc6cce429,Struct,,,,0,0,0,"Fredrik Björk, Michael Stoppelman, Paul Copplestone, Ratio, SignalFire","9b718e96-a8d1-faa6-155c-0d3cbb1b4253, 409b61de-c94f-65df-a03b-f0ca29f153d4, 0743489b-cc0d-7b22-96af-62d8d2dc6aa0, 2a583937-5cc0-4a96-89b3-0c6f8a750515, 483ccaa3-d2f7-06ad-7175-efc85f445f1b",Struct
2023,765481f8-c2a0-4241-8625-52edbd27f7e7,zOpt.ai,,,400000.0,0,0,0,Monish Darda,0df7b6e3-dc3b-3f82-7631-18624f928f3f,zOpt.ai
2023,46543fce-acdb-41ac-96fd-58b24ebee12a,Kollegio,,,750000.0,0,0,0,"Indus Valley Capital, Reach Capital, Tuesday Capital","d26bc20d-a1e3-4453-9371-ffa8a03de4ee, 03d0c2ea-f56a-bd52-ce54-0457905e0552, d53f379c-7f9c-4b4e-af5b-f09b2d64f88e",Kollegio
2023,b422dbf4-94b7-406f-8ac2-fac12b1d1d38,Bricklayer.ai,,,2500000.0,0,0,0,"Blu Venture Investors, BlueWing Ventures, Dreamit Ventures, Sovereign’s Capital, Virginia Venture Partners","98ca74ba-00a3-a00e-ffac-09c5304af6ae, c8af5fc4-238d-476d-a5b4-0845b4adbfb2, 754d8bc2-837e-c59a-3552-70f150b5858a, 8ac137cf-006d-7513-efa4-90796a3a2e92, cc715e03-32af-2ca1-6b05-f9e7b12f8720",Bricklayer.ai
2023,74f67cb5-9b0b-4fc9-8b9c-ba0e87cc1831,TensorFuse,,,500000.0,0,0,0,Y Combinator,73633ee4-ea65-2967-6c5d-9b5fec7d2d5e,TensorFuse
2023,4178dbd3-ee0d-4045-8929-4d817fef3158,magik.ai,,,40000.0,0,0,0,Cali Investments,2be7f9fb-d71a-4c77-852e-efc8d1aac4fc,magik.ai
2023,36109a8f-d44c-446a-a72b-da55f86e63ef,Layer Financial Technologies,,,2700000.0,0,0,0,Better Tomorrow Ventures,13a3a322-4bff-4e21-a50c-1211c8dfbebf,Layer Financial Technologies
2023,2ad69eba-9319-4414-ba2f-b3b9471fe804,Try8,,,150000.0,0,0,0,(ERA) Entrepreneurs Roundtable Accelerator,b4386e5f-53a6-fc77-ebd4-b6e0bef0aaef,Try8
2023,c0b9e15e-1bf9-4d0f-a26e-1812d3f0c80c,Chipp,,,,0,0,0,"Cambrian Ventures, M25","3ec60fc4-bb8d-444e-aea0-5f36058e9393, bf997ca3-aec6-8ed5-7985-c008d7ef81b3",Chipp
2023,0c1ce1ae-268b-41fc-80b7-b1c478533af7,AEGIS,,,,0,0,0,LongJump,72f0970b-17e7-4744-a229-aa5ea3ef0f56,AEGIS
2023,a014c772-6a05-4ad1-bfa4-65549137eb1e,DesignAI,,,,0,0,0,500 Global,56e40f50-97c7-2a77-255d-1d97d5f30646,DesignAI
2023,a5bafab0-f2f2-4e23-add7-c2b7bafa4420,Connect,,,,0,0,0,Holekamp Seed Fund,60621ebe-63a7-40b6-829e-e75ac1af14ef,Connect
2023,d5edde30-1259-4994-a7b1-44ce71e59b56,Polaro,,,,0,0,0,Alex Iceman,a8b0fae2-30d7-46d5-85b0-8547d68e3459,Polaro
2023,c2c3c172-44e2-4692-9dde-9cc731c82bc2,PuppyDog Corp,,,,0,0,0,AI Fund,8541fff9-c49e-4979-8dcf-3dcae636d446,PuppyDog Corp
2023,58d10c4b-dd4a-4d90-9955-da3c3c45f2b9,VC SPV,,,,0,0,0,Palo Alto Partners,742405db-7b52-493c-af6d-05cd1b5fb72e,VC SPV
2023,9513091e-68b8-4d95-a0a2-c904b3503872,CyrenCare,,,,0,0,0,Beta Boom,203ce23b-3fd7-4a4a-b39b-75846e3d3d2a,CyrenCare
2023,7fa1cede-dfda-463e-8f7c-3d8f936da4e1,Sphere,,,,0,0,0,"ArkChain LLC, Bain Capital Ventures, Jake Sylvestre, Nick Walker, Ryan Li, Sudarshan Sridharan","85c3c8a2-3a25-425d-8466-377298790465, 17766aa6-2da1-c1eb-d14d-2277ae1f34c7, 43301d84-f37e-40b5-a8ba-2dfa5d996186, 58e385b8-fda7-0a83-d2dd-cf653e693962, 25cc645e-2520-42aa-a086-5890ee806685, b5df6880-9af6-49b7-9213-4602720a35fc",Sphere
2023,07b8ec8c-6537-489d-ada5-f3ee5e0829c6,Upfactor,,,,0,0,0,Entrepreneur Ventures,70f3d650-ea33-4865-9cfc-4ca7946f00ec,Upfactor
2023,80c5c89e-ce1f-4567-b2ba-d743ca38fce7,Kontigo,,,,0,0,0,Orange DAO,87b16fdf-a1c8-4ec0-ae9c-323b64cfa70d,Kontigo
2023,b9f05d6f-95e9-4f00-9cbf-4e755059b89a,SKROL,,,1200000.0,0,0,0,Magnetic Capital,4bae570e-4288-482c-bba0-b54a27450499,SKROL
2023,d73ae819-c54b-468c-ac68-e98c7161a949,Ephemrial,,,125000.0,0,0,0,Blue Sea Eco Ventures,1b7c3fa6-ae54-4dbd-aafd-304a6fea9091,Ephemrial
2023,24a90ba6-4288-485e-b901-37834e5af1fb,Technova Industries,,,1100000.0,0,0,0,gener8tor,439d7bbf-11ae-7ddf-1887-727188ac065d,Technova Industries
2023,35baa725-9dda-4251-bc68-1f4fd3489d62,Niva,,,3300000.0,0,0,0,"Canary, Gilgamesh Ventures, Gradient, Picus Capital","165abb34-93f3-12cb-a04d-1396ed7eb3c5, ea4e244c-67e0-451c-bdad-3f140ce4d412, b344a285-cf12-93d7-d669-857ab75be00e, 9dda8c60-3517-927f-0c15-4807e7bd6054",Niva
2023,bd042e47-8701-4c69-94ce-cf12010f5ccb,LEA,,,150000.0,0,0,0,(ERA) Entrepreneurs Roundtable Accelerator,b4386e5f-53a6-fc77-ebd4-b6e0bef0aaef,LEA
2023,15a08351-3dfb-4625-87db-fd8518872533,W Labs,,,14000000.0,0,0,0,Anti Fund,5b15b81f-67c3-405c-b04f-3cba80f45737,W Labs
2023,3a874856-7d80-4d1b-8238-336edd4fe698,BioReact,,,120000.0,0,0,0,Techstars,3718597a-dd39-6661-3630-09cdd43bcac2,BioReact
2023,a8246bf7-a621-4e77-86cc-3d44de2148d4,Arwin,,,3400000.0,0,0,0,"Abstract Ventures, Adverb Ventures","8426c4a7-1fff-c3d8-9af4-e673a788212d, a628caf8-73dd-4fc2-9ac8-b5a03216db7e",Arwin
2023,a7409210-4e55-44c3-8c0c-88ece0bd0294,Tako,,,5750000.0,0,0,0,"A* Capital, Abstract Ventures, Aravind Srinivas, Chase Coleman, Diogo Mónica, George Sivulka, Giancarlo Lionetti, Gokul Rajaram, Guillermo Rauch, Joe Montana, Johnny Ho, Kanjun Qiu, Kevin Warsh, Nathan McCauley, Naval Ravikant, Outset Capital, Paul Yacoubian, Scott Belsky, Stan Chudnovsky, Stanley Druckenmiller","33ceb2e0-5687-44fa-8da2-b72464294ec5, 8426c4a7-1fff-c3d8-9af4-e673a788212d, 9fe62cb4-12ec-49cd-a6a1-c26cefcf4dc2, e6670e0c-610c-5f0d-89e3-5e5fe615dd7e, 8517528a-0842-d8cb-26df-535b4eb700d2, 1e7cda89-5b34-4379-b06d-6f2ff6d36943, e1612886-c2ac-41e7-99f4-8422e31bfe7d, 2ae517bd-f03e-b7fc-8e79-8448627d15c4, 356bd44c-09ca-54fb-9a0f-f30167968a6f, 36217015-020c-c3f0-9689-dd17f69deac1, 92e34ca2-09cb-487a-b4d7-02fa1b1d4c00, 5f1fb58e-6de9-4667-bac2-9283a6ee71d7, 5f61c7c4-adb6-498e-f646-ed8830fed210, 9d2fdd44-8a7b-02fb-9b3b-f6fc3a387f28, bb0955c3-af0d-2d01-cd4f-985a93252432, fb748500-cbae-4608-b7a3-eacb233bc846, 38cf7cf2-c833-86e0-6cac-01a73c595db2, af778eb2-d12c-d953-7d7c-2e3bd5581cfe, 2e4c748f-a21f-9cb6-565c-6172198ee28d, a5553f39-a793-55ad-d7f1-0b4a6ab47b83",Tako
2023,c04303ad-803c-41e8-910d-fa87787baf05,Pantheon AI,,,42625000.0,0,0,1,"8VC, Andreessen Horowitz, Felicis","53377857-8995-2128-8f85-bfc8c4a2178e, ce91bad7-b6d8-e56e-0f45-4763c6c5ca29, 735a53c6-a7ba-2434-d97d-b788536da89d",Pantheon AI
2023,a08b5e38-2fcb-4c75-aaba-a263322c12fa,Anera Labs,,,500000.0,0,0,0,"Orange DAO, a16z crypto","87b16fdf-a1c8-4ec0-ae9c-323b64cfa70d, 063bf170-ddb2-4041-8068-409fab18d502",Anera Labs
2023,b755cebc-39c8-4dd4-87db-3201b807748d,Haven,,,,0,0,0,"Aarti Ramamurthy, Andrew Tan, Anthony Pompliano, Bam Azizi, Brett Calhoun, Charlie Feng, Eric Bahn, Hari Raghavan, Lauryn Motamedi, Mehreen Malik, Nico Ferreyra, Ronak Shah, Steven Aldrich, everett cook","22142529-bf40-441c-ad8c-e559332bd991, 6a18c2b4-8e17-0660-f205-bfdc5c97cc64, 233cca3b-29c4-e926-77f2-aa94c2aaf0e3, f9e634ec-2b5a-4c62-60a6-ebf72d4c30bc, b1e7f01b-976a-4f56-890a-6e67a5e86ba6, be6973cd-c2be-4210-a570-4a14958edad2, 5778b9d3-e180-1c60-781c-98658e5a6c50, 443f4385-65dd-ac37-0691-7fc505174608, d02f16ea-b5da-4359-af1c-c953c80654cb, b42441f6-4dab-40aa-840a-6de960cc00b8, 79c14b46-1889-4fb1-be55-e0edf18fbf11, 955bd8bb-c915-4507-88f6-e9823e7e8c83, 81984794-7a5a-6038-9a24-1aab69a90100, 0c5bd582-75c8-4654-9758-5d43e925d14b",Haven
2023,73a17bd7-b7b8-4460-aef8-8c1022374a62,MyPrize,,,13000000.0,0,0,0,"2 Punks Capital, 640 Oxford, Arrington Capital, Boxcar Capital Partners, Breed VC, David Choi, Dragonfly, JST Capital, Jason Leung, Jeff Feng, Joshua Kaufman, Joshua Lim, Luca Netz, Mechanism Capital, Peter Smith, Shiliang Tang, Spencer Noon, Steve Rosenthal, Tian Zeng, a16z Scout Fund","e52429a2-84da-45ce-854f-e1a1e86c8b23, 2373d10a-f1ab-471e-aef7-9b2cbd23c274, ff7269dd-dc3f-4ddd-9455-81c530239858, 711a0344-72f7-4e91-8742-8a13c7191435, 9cfd1300-da7d-47fd-ac47-a74f38952c7a, 43752477-8a52-4ab0-89ae-f4bcac4aaed6, ae6c664c-4dd9-40b0-bd6f-2d13693deed4, a918b9c8-59b7-497c-ab6c-a88458f31b65, 19fa9601-7ee5-4f7a-b759-b1fdd0da2726, 92b55cce-b79b-45d8-b038-477d53f78619, 7235ea7c-acd1-44e7-9b9c-5bd67e5cdf25, 9b6c0eb9-54cf-4673-9b97-fe57d96b80f1, 4f6e146b-0220-4b80-95c7-940849023350, f6a784dd-7d1c-4618-82eb-72bbddff741f, 1cb70512-ea61-5203-3a1a-bf39131b6039, cf24e3e6-4a8a-eede-7d88-9f56f8f1db96, 3476501b-fb6e-4742-ab6f-6d70218dbe43, 42d56ebb-1b88-4947-a635-01955c2d8662, 935376c0-7294-4434-8516-81fdf863d3a8, 9c7e3ec9-df99-4303-96f0-e6094733ebf0",MyPrize
2023,e5e7de3d-9286-4f52-a7cc-979eacc29af1,Crosshatch,,,2700000.0,0,0,0,"640 Oxford, Baselayer Ventures, Impatient Ventures, Michael Rubenstein, Rackhouse Venture Capital, Scott Belsky, Village Global","2373d10a-f1ab-471e-aef7-9b2cbd23c274, 3547fc1e-0d0f-4173-a5ae-75027b2d53e1, cd83a397-72ad-4f48-b67a-6f2e06009793, e62c7467-f90f-22ab-3c91-968e552ca6f6, e19774d3-1184-4171-894e-eccfee473e7d, af778eb2-d12c-d953-7d7c-2e3bd5581cfe, dc7fc343-2884-5489-8127-9e3ed9f88349",Crosshatch
2023,5a200cf5-a4bc-48c6-8eea-6ca4405468db,Arch,,,7000000.0,0,0,0,"ABCDE, Aaron Henshaw, Big Brain Holdings, CMS Holdings, Cypher Capital, Dan Held, Jan Smejkal, Jason Choi, Karatage, Multicoin Capital, Muneeb Ali, Newman Capital, OKX Ventures, Portal Ventures, Santiago R Santos, Tangent, UTXO Management","451978c9-6768-4443-93de-4c4ec31b6a86, faa29f52-79c6-7984-c03a-4ac27c266dd1, c5eaf51b-86bf-4de3-ba68-7eb8edfc6642, 441ff26a-3692-4dd4-999f-af47bb0b5785, f2cabdbb-e6ad-4d49-b68e-03ff5f92e62f, 95c64992-7cf6-5366-32d0-20ef223f215a, 7e0b3129-cb49-472a-9195-4dc232b7d8e6, 7ced0517-3078-400b-92c3-14e10e8d651e, df8a6281-a264-4377-823a-ff3a8e5838be, fe18949b-01c1-ac2c-e807-a874113ec371, db5c7a55-e383-40f4-afe7-081a596d9820, 13dc7a30-cafc-48bf-93dd-87badde8daa9, 29715599-a745-4199-abb6-bbd2e8387894, b132a836-209a-4931-955d-1210077fa465, dccf113f-4599-4af3-a478-2babdc97e406, c5a4aa81-3528-4578-bab4-f25ec25189a0, efd513e9-c18c-4e04-b0fd-f9f1227c999c",Arch
2023,86c80059-a54d-43e0-84dd-f0e6ea591734,Cicada,,,25000.0,0,0,0,Founder University,02558b44-482a-4a7d-855b-6ae6e7c3b828,Cicada
2023,3d42715c-516e-43b3-aeef-2117fc99976f,Ghost,,,495000.0,0,0,0,"Antler, EWOR","00daca16-8311-454b-84e0-24a40d16be9c, f37b9f32-68df-4a07-a378-e1f5a4a71210",Ghost
2023,a82492aa-d1f9-4ad1-aa97-6bc8ebf23e3c,Gamebeast,,,4400000.0,0,0,0,"A16Z GAMES Speedrun, J2 Ventures, Made Simple Ventures LLC, The Mini Fund","18054086-14aa-4898-8777-2b17123e6518, de497539-7934-4715-82f0-b1fc4b757518, 15e5d655-37e0-4445-a7e9-1fd75fc8df1f, 69beee56-8482-4a47-858a-7c145d1f25fc",Gamebeast
2023,e7d79378-a5fe-48a7-86b8-2a6b1c8e8953,Magic,,,3900000.0,0,0,0,"Alumni Ventures, General Catalyst, Goodwater Capital, Hummingbird Ventures, Soma Capital, Y Combinator","e8487396-f60c-25f1-2bb5-bfcb4e0f4b66, 34a9bb66-0984-8de0-e7fb-13e976b4a135, f6f889a7-af59-2363-8984-addadc4da1b2, 60a4ea58-a8c7-6550-edac-f5d02bec9323, 38e872c6-1718-50e1-6150-a12038568992, 73633ee4-ea65-2967-6c5d-9b5fec7d2d5e",Magic
2023,e2857bb7-339f-4010-9fbf-5df6ac4d3f2a,Didero,,,7000000.0,0,0,0,"AI Grant, BoxGroup, Company Ventures, Construct Capital, First Round Capital, Jack Altman, Rob Bernshteyn, Sara Du, Sarah Guo","72da3abc-2733-8a93-9f91-d8f684b09b0f, 9da42114-b627-6926-f3b7-fd07e23fc337, 1c42fb6d-bc47-4211-bc33-202094380ae8, bd699a78-d3ac-4858-9b37-ff62a2112147, 043d9e52-dcc0-0dd8-6074-206e42e20e13, d82f5588-d498-5fdb-5551-a7456997c198, 64c499af-a77d-1103-f037-79304274b065, 581ad926-0dc5-4a49-8894-c16bdfc91563, 746ef649-e826-c7e9-9692-9cddbf21aff4",Didero
2023,4273bee7-146c-41c1-8d25-f3b168073250,Hively,,,150000.0,0,0,0,(ERA) Entrepreneurs Roundtable Accelerator,b4386e5f-53a6-fc77-ebd4-b6e0bef0aaef,Hively
2023,a6b7d7ac-79b4-4456-ae54-fec22e59f4cd,Ducky,,,2700000.0,0,0,0,"Bread and Butter Ventures, NOMO Ventures, Penny Jar Capital, Wilson Sonsini Goodrich & Rosati","a30e8c26-7545-4352-82a3-2ba23159f8d0, 1edff2c5-725f-44d5-abcc-f8ac10b01250, e5d5586e-5d40-4907-97b6-d87651901730, 95163811-0c2c-bb59-1086-f847eb8b9991",Ducky
2023,e647cc22-f10e-4bce-8bc9-451a1d867cda,Nudge,,,3000000.0,0,0,0,"AGBuild, Arcanum Capital, Future Perfect Ventures, Material V, Nima Capital, Paul Taylor, SaxeCap, Vishal Rao","c7b308bd-278d-4266-8d8c-0e57fea1fff7, e78f51f0-7940-43c7-832b-60728f796d57, f41a25f5-a745-1cca-087a-7f5c112809ac, f7b40c01-3e05-455b-93f8-66bc3b50c34b, c6f93a96-b5b3-16a3-2015-cbff087095b5, 83e66dc5-a8ac-4491-a831-2be95d3ed9e9, 716bf2d9-bc79-4fdc-8103-33d622b18310, 6f8557a8-cce3-f2bd-259b-80d583f3c356",Nudge
2023,620fcc72-6444-4813-8757-2102a103ab0a,Mano AI,,,2750000.0,0,0,0,"Pioneer Fund, Third Prime, Y Combinator","9d11d829-645f-4ebe-bbd1-e84d1a0ddaf0, 1a126e13-05bc-3bce-ef8b-de42c1dd0719, 73633ee4-ea65-2967-6c5d-9b5fec7d2d5e",Mano AI
2023,a21def70-e415-43f6-8ffd-d2a9d9b053bf,Ensemble,,,3950000.0,0,0,0,"Amplo, M13, Motivate Venture Capital, Salesforce Ventures","010b4f9a-8686-4567-822f-4a271000da37, 6da41174-121b-59c1-1393-1e67b686b9bf, 1aa29e0f-d57e-417f-b7df-0b0ca4dfaf6f, 982a5418-5d06-aca1-726e-c55bd12d1bf2",Ensemble
2023,04499259-e1c9-4e5b-bbe8-4e9232041f88,Nudge,,,380000.0,0,0,0,Antler,00daca16-8311-454b-84e0-24a40d16be9c,Nudge
2023,8a28ffd2-2c22-444a-8ec7-6e6f42602150,LutonAI,,,12000000.0,0,0,0,Insight Partners,6efb9171-a87b-212d-f399-b0613da7b1c9,LutonAI
2024,705116c6-4fc3-4a44-9a53-b59f41d29f16,Inner Peak AI,,,600000.0,0,0,0,Techstars,3718597a-dd39-6661-3630-09cdd43bcac2,Inner Peak AI
2024,e0cf8903-e096-4355-abd0-0dbf78d77a4f,Yondu,,,500000.0,0,0,0,Y Combinator,73633ee4-ea65-2967-6c5d-9b5fec7d2d5e,Yondu
2024,41703fad-6be3-4fc0-8d3c-49081b848eba,EdgeRunner AI,,,5500000.0,0,0,0,"Four Rivers Group, Madrona","df82e5cf-9193-5f58-3a61-00e534c71ae5, cf253887-5eac-21a2-28d3-47db7311f7e9",EdgeRunner AI
2024,6a1b067d-0ac2-477a-8825-8984acf99053,Cosito,,,120000.0,0,0,0,Techstars,3718597a-dd39-6661-3630-09cdd43bcac2,Cosito
2024,bcc29a6d-24f5-4b28-bfdc-932f831c88cb,Zeko Labs,,,3000000.0,0,0,0,"3Commas Capital, ArkGrow, Autonomy Capital, Avid3, Cogitent Ventures, Cryptonaut Ventures, GBV Capital, Lester Eulon Chui, Nox Holdings, NxGen.xyz, Presto Labs, Signum Capital, SkyVision Capital, Tenzor Capital, UOB Venture, YBR Capital","b5b41d46-5a02-42cf-9ccc-cd5a11c4540e, 9aa232f0-8a15-4acc-8f91-a19b497609ce, 70941361-be3a-4c4f-91a2-bed424662d74, 4de355ce-0b44-4cb0-8121-aa2ec479a443, 2118d3fa-01f3-4cb5-91cb-a297eafcabdf, 93eb2ea4-3679-c7ea-7046-56ce88c9f30b, 36287ddc-b3fa-4bbf-8e3f-1caf0ce99d8d, bbda3499-7bf4-44af-be23-1725351a095e, 023d0809-396d-445f-819f-0be158c8e1a8, dd2f5008-f9ad-4965-ba08-4301f993a30a, 5bfe8c2d-349f-49b7-a3b1-335e029decb7, cab7176d-16b3-4265-be8f-c91cc721e8dc, 1fba9bc0-8642-40ac-aba6-a6e858add91b, 89d71417-876a-40fc-bd75-b1e5112d4d0f, 353c878a-60e4-1d5d-8c8c-feb366cd7e3b, 83a92df8-b3cc-cba5-a968-ac62ebdc4614",Zeko Labs
2024,8b29651a-0359-485a-84b3-a088b3c53d9a,Bitfi,,,50000000.0,0,0,1,"CGV FoF, Fundamental Labs, International Blockchain Consulting, TyreGate Capital Holdings, cj news","cee704c9-4cfc-4e8b-991e-33f6bfcaeefc, 7a5c550e-38dd-48f6-a9de-9c71edf42f7a, bc6ca474-410b-4deb-92fb-209c419dd6c6, 7b1d5be4-cf3d-4b81-a957-40658080e9f9, 943bede8-c6ef-41b1-ab0c-c24d0838bb0b",Bitfi
2024,d19951d8-4658-4e65-a18c-7d4cc6c092a0,"Payman AI, Inc",,,3000000.0,0,0,0,"Boost VC, Coinbase Ventures, Deepwater Asset Management, Devin Walsh, Kenneth Kuo, Metropolis DAO, Protofund, The Spartan Group, Theory Forge Ventures, Untapped Ventures, Viktor Axelsen, Visa","8b72d07b-a571-fa2b-7e63-6fbbb631c53b, 4c2e47a8-03ea-4ef7-b0f7-2d35c9c0990f, 9c86a69f-9597-449c-a293-7ddf0653e3a8, 96dfc551-0af9-4a72-a9c7-2c4adca5a896, 393e71f4-36a9-4d28-a282-5452ee0b1aae, 0463e8bd-d663-452b-b273-803d167e58c1, ec5d2ce8-fd7b-4a1d-bf19-74fe6a495967, ea94f841-047d-4c56-825a-cdcbdd164202, 961bcdba-7d88-43d5-9c8a-01cd8182aaa7, ed0c83c4-9c8d-400c-b004-a461160543f2, d7039584-98ea-4de9-a8e5-6228e0072417, 95b124ce-5927-50eb-d1ea-15aad4f20ce9","Payman AI, Inc"
2024,064a2b67-80d7-4463-b777-5c97acdea820,NPC Labs,,,21000000.0,0,0,0,"BitScale Capital, Collab+Currency, Hashed, Makers Fund, Mantle Network, Mirana, Pantera Capital, Sfermion","58102eb5-666b-45db-b291-64f1b9be75a7, 6ab09807-a483-47ae-97fe-633b044e7747, 2e088b1e-86ae-4869-950c-59f84a97f96b, 802324da-0c7e-4f32-a160-375ae3f9cfd3, 5b52e69c-3fb1-4626-a355-f8402db8e738, 451cfd02-c8f3-46e0-82e2-93888ab7dd3b, 201d334c-4463-d56c-7737-435df78ae283, 7cd5d238-19cb-43ea-8d7e-bf2a25653622",NPC Labs
2024,963bc257-3e70-4415-a6f4-490029dcb5c7,Cloudbrand,,,25000.0,0,0,0,Unified,79ce85e3-a522-4184-87fb-97686d0c205e,Cloudbrand
2024,0c022df0-698f-4191-931b-aee66a35f486,Platflow.ai,,,5000000.0,0,0,0,TYH Ventures,4728fa2e-4859-4412-800e-233096ab3df6,Platflow.ai
2024,f4515204-0599-46c2-8120-6d78e196c7e9,SmartPAR,,,1250000.0,0,0,0,Kings Ventures,7ec1e048-c17f-47f1-b7ae-714f74601624,SmartPAR
2024,1388b375-05d7-49bf-abbd-11139ff8e42a,FutureAI,,,5800000.0,0,0,0,"Jay McGraw, PivotNorth Capital, Village Global","8e7c4821-fc39-42ff-885a-4de34f9a6163, 3de0cfef-b3e4-3b48-7a5e-ebb0bfd09f3c, dc7fc343-2884-5489-8127-9e3ed9f88349",FutureAI
2024,608b2766-ed35-45ac-90c9-b121e1fbffc7,Protonas,,,,0,0,0,Transition Venture Capital,5d8951f3-e703-48e1-a09b-33efe51978b5,Protonas
2024,76ed34b4-50c1-4762-afb1-915edc60bf7c,Rypple.ai,,,,0,0,0,AI Fund,8541fff9-c49e-4979-8dcf-3dcae636d446,Rypple.ai
2024,15aaeece-7070-49f7-9b03-bdda4354bf2c,Fermah,,,5200000.0,0,0,0,"Balaji Srinivasan, Bankless Ventures, Claire Arthurs Kart, Daedalus Ventures, Daemon Technologies, Daniel Lubarov, Jaynti Kanani, LambdaClass, Lemniscap, LongHash Ventures, Mustafa Al-Bassam, Nick White, P-OPS team, Public Works, Sandeep Nailwal, Zac Williamson, Zero DAO, a16z crypto, velocity capital, zkValidator","1958e5fb-f808-c866-81b4-c6e27f77edd4, 921aaba4-e458-4ef2-aca3-a3f248c1dab5, 7bdd6c53-b49f-4d80-ad13-b69b529ba6e4, 54243a2b-d99d-43e3-a609-2eaf08efdf47, 21518863-a71a-4b7f-9cda-7c4b03a3a554, f9266661-d527-4dcd-96e4-1d2ab97e519b, c5060cfc-0922-45a4-aa4f-8ae342e8ad0d, 4a43b9a9-fae7-4ba5-941c-4b94e0934b44, e7b294da-48ef-4c99-8aa1-5de72fcf77d6, 2e401cb9-ae3a-4c22-8aaf-2c13ba14eb6c, 41dc65df-cdda-edbd-6736-6414b9336fc8, f21c4704-4bff-4519-ab25-0cea652b5840, d3954045-e9ff-4ffa-8291-7894a5e79dd8, cd25ff5a-4c6c-4b1d-a176-412e95667759, 379838f6-5109-44b6-a401-8e90675de962, a365f83d-7800-4137-8aea-1cf65c502dd0, 1f1282ca-4732-4cea-a6df-d5e22e456dd2, 063bf170-ddb2-4041-8068-409fab18d502, 27d479ce-2b5e-441b-b263-5d015b1d690d, af60de3c-62b9-4b37-8ac8-4a277045adf1",Fermah
2024,52b9d7ff-e154-4935-bb61-c34eea4fda03,USUL,,,500000.0,0,0,0,Y Combinator,73633ee4-ea65-2967-6c5d-9b5fec7d2d5e,USUL
2024,4b2d0559-f294-4c04-b59b-5a2de8e04c53,Mooncake Labs,,,,0,0,0,Khosla Ventures,fe5a4983-a46a-2fc2-5633-e35e0a86b694,Mooncake Labs
2024,a130fcde-52fc-4e83-a6f5-528c4e91ab83,Rox,,,50000000.0,0,0,1,"Google Ventures, Sequoia Capital","3c62db15-4db8-016a-145e-dd1a06d168e2, 0c867fde-2b9a-df10-fdb9-66b74f355f91",Rox
2024,e5ad8517-fd79-4c7f-89fd-81020c69b00b,Carez AI,,,150000.0,0,0,0,(ERA) Entrepreneurs Roundtable Accelerator,b4386e5f-53a6-fc77-ebd4-b6e0bef0aaef,Carez AI
2024,0d5de3b9-4e61-40f6-99c3-c9b6de5a3ebd,WattsUp,,,150000.0,0,0,0,(ERA) Entrepreneurs Roundtable Accelerator,b4386e5f-53a6-fc77-ebd4-b6e0bef0aaef,WattsUp
2024,7a4703a8-f108-463b-a096-02fb154fb7d1,BetHog,,,6000000.0,0,0,0,"6th Man Ventures, Advancit Capital, Bullpen Capital, Chris Grove, Josh Hannah, Karatage, Will Ventures","6efdabfd-619c-4edc-ac9e-d76b07e584fa, 55d85218-69fc-0338-0c26-43c2bdeeaf0e, 140367a9-165d-7f28-79cc-33a9b71a214c, 32210dbf-b1ee-40c4-a51e-1d3da9cceb61, cbf654dd-a881-4ff7-af76-2011200d7f3f, df8a6281-a264-4377-823a-ff3a8e5838be, 7af20679-663f-4bb6-b339-8bbec96b89f3",BetHog
2024,897dae97-ec38-4a29-82ff-72b362745d24,Backstroke,,,2000000.0,0,0,0,"Allos Ventures, Ground Game Ventures, High Alpha","e489ddae-e520-fd17-7f70-1a8298603865, 4d03757e-86c7-47b0-ade0-9a9729076371, 3339ae17-7fd2-0900-247f-7ddb2f4d10ff",Backstroke
2024,40902a07-c96b-445a-b9cd-3256bdd0fc2b,BranchLab,,,,0,0,0,"AperiamVentures, nvp capital","de8a992f-1ff7-4f91-9031-7b39d00d76f0, 7d116151-ecad-54d2-23cd-0d388ae298df",BranchLab
2024,254213c2-3435-49a2-8e7e-363653a21941,nCase Technologies,,,,0,0,0,"Holekamp Seed Fund, Skandalaris Center for Interdisciplinary Innovation and Entrepreneurship","60621ebe-63a7-40b6-829e-e75ac1af14ef, c28c0d85-77cf-4ab8-b23b-aa05db600bdc",nCase Technologies
2024,b4eee015-07c7-4b1b-92da-7069f1aa57cd,Blue-Sky Nexus Inc,,,,0,0,0,Fintech Innovation Ventures,2933dc3e-ef8e-4cb7-8c7c-349789985433,Blue-Sky Nexus Inc
2024,f9790016-c66f-4740-b41b-843143c62551,RiskLayer,,,,0,0,0,"Agnish Ghosh, Alexander Narvaez Duckworth, Antler, Chandan Choudhury, CoinSwitch, Devfolio, Gafoor Khan, Harsh Rajat, Ishaan Hiranandani, Momentum 6, Paul Taylor, Richard Ma, Symbiote, Tyree Robinson, WAGMi Ventures","2e76feac-7fbd-407d-8ebe-6496becd5083, ac819706-ec68-4308-88b2-7d48858ae96e, 00daca16-8311-454b-84e0-24a40d16be9c, ae468015-7852-4830-863f-4922e99008d2, 5a93900f-4392-346a-f861-9a43d04d9433, 5f3b0229-0f50-43ec-b9c3-ca8b177376a4, 335d9787-7416-4b00-abc7-36a961108fdd, 3741ed2b-c9da-5beb-dd9e-f21e2153fd80, 7ee17062-1aa0-47f3-ba98-47bb38880e40, 8f486d85-a750-4bf5-b73b-659d9408d0a1, 83e66dc5-a8ac-4491-a831-2be95d3ed9e9, f189ec9c-c982-4686-9e8c-782210323325, b44ce8eb-76e5-4fdc-8c74-fc7e35337512, cb02ad39-7e35-4853-95e2-b9a6c939c23a, f8b3d52d-7457-4f05-8a43-7e05525d4b5f",RiskLayer
2024,1c977c90-4a26-47f5-9d6c-34bd9bd93ddf,Bugster,,,78096.0,0,0,0,Startmate,0eddbd74-e64e-2e48-1036-0765c526a62f,Bugster
2024,4539d36c-633b-4f58-909f-30380d2fc541,enso,,,6000000.0,0,0,0,"Dan Adika, Darkmode Ventures, David Tabachnikov, Guy Podjarny, James Kong, NFX, Nir Greenberg, Omer Kaplan, Reah Miyara, Shmil Levy, Tomer Cohen, Yoav Vilner, Yossi Matias, fresh.fund","072e0e70-8bc9-ea3d-94bd-8bacabc6691c, 8468a5e0-f019-458a-b1c9-01b6eb7866e6, 204a180c-7196-4f78-8b91-7368624a5ace, 34a1bbf0-e930-3554-0be3-5784e645eb2f, 164b0cc4-2a72-489c-8c3b-4475ed293ae1, 0003f244-79d0-6178-353e-33dabaf3b2c6, edd8d01a-264f-1f23-96cf-a750b3cca317, 39e4a932-7463-eac9-526e-251eead269d8, 9a05a4ef-eaa5-4a8e-8d05-ed80f7353e0c, 45c3e0da-0865-2915-182b-9173a7a590c7, 0192d1fd-1342-4fc6-bf1f-693dbbcbabcd, a6092d7f-4f2b-e271-3e1c-046645213059, 235f0b9d-c368-84e4-e37e-f4a3e6e45574, 1f8153fb-17d8-436a-9330-6e39fbd75df6",enso
2024,c0f25001-3b1b-4032-8686-03f62192af72,Hydden,,,4400000.0,0,0,0,"Access Venture Partners, Andy Grolnick, Lockstep Ventures, Paul Trulove, Service Provider Capital","386c76ce-e49c-e424-fd9f-81bf48f7c2e7, 945c8968-5d35-e935-5df6-108a5091f793, b752b53a-b0a3-4101-9381-fbdcc825116e, 90fa6018-809f-4e02-835d-507c21b77be4, 2866bdf9-fc60-79ed-e5f1-425f56c7ecca",Hydden
2024,b965fdf1-46a9-48d9-8048-8eff770d5b77,Singulate,,,2300000.0,0,0,0,"Alen Cvisic, Alexander Theuma, Allen Gannett, Bowery Capital, Dillon Scanlan, Johnathan Kol-Bar, Johnny Boufarhat, Liz Willits, Paul Forster, Seedcamp, Tribe Theory","7d285030-b3ec-bd34-12be-85e8761b267c, 845caf92-8e73-8437-85ce-522fb7f8053c, 30d9e498-0ece-5ac4-7803-e81df82bd1ca, c341cbc3-7419-7ddc-da42-2bbc7a03ef41, ed62418a-19a2-41dd-bac5-7e748d9fb0a6, a9cdd6b0-56ef-47aa-96cb-372f082303c7, cc492b2a-af4e-4c41-8867-df05e60d93a1, 6c9da1a9-bab8-44f5-96cf-f48c2d1b2105, 3ed25b37-f4a7-c19f-3874-53d1969399cf, 0686cdc6-d6e7-0417-8329-29b5c85afeef, ff3a88e1-92e9-4f75-b731-5485c87bc35a",Singulate
2024,ea756708-1be4-47da-b2f1-40148b234ae7,SOURCIX,,,2500000.0,0,0,0,Angular Ventures,6c77a474-1ddf-4b0e-b60f-2db4e94c8cbd,SOURCIX
2024,d228010b-4039-4906-a551-0a356f03656c,First Bite,,,2000000.0,0,0,0,"Bread and Butter Ventures, Leadout Capital","a30e8c26-7545-4352-82a3-2ba23159f8d0, 7bd48a3e-43e6-4d99-b9dd-830858bf5cca",First Bite
2024,7022f914-9b45-451f-9bdf-06affcaf80ee,Omi AI,,,700000.0,0,0,0,5Y Capital,939ac851-a403-423c-51ae-72eb62ba1713,Omi AI
